id,cores,threads,name,launch_date,lithography,base_frequency,turbo_frequency,cache_l1,cache_l2,cache_l3,tdp,product_line,socket,memory_type,url,vertical_segment,max_temp,max_memory_speed,sku
1,16,32,AMD Ryzen 9 5950X,11/5/2020,7,3400,4900,,8192,65536,105,AMD Ryzen 9 Desktop Processors,AM4,DDR4,https://www.amd.com/en/product/10456,Boxed Processor,90,3200,10456
2,12,24,AMD Ryzen 9 5900X,11/5/2020,7,3700,4800,,6144,65536,105,AMD Ryzen 9 Desktop Processors,AM4,DDR4,https://www.amd.com/en/product/10461,Boxed Processor,90,3200,10461
3,12,24,AMD Ryzen 9 5900 (OEM Only),1/12/2021,7,3000,4700,,6144,65536,65,AMD Ryzen 9 Desktop Processors,AM4,DDR4,https://www.amd.com/en/product/10796,Desktop,95,3200,10796
4,8,16,AMD Ryzen 7 5800X,11/5/2020,7,3800,4700,,4096,32768,105,AMD Ryzen 7 Desktop Processors,AM4,DDR4,https://www.amd.com/en/product/10466,Boxed Processor,90,3200,10466
5,8,16,AMD Ryzen 7 5800 (OEM Only),1/12/2021,7,3400,4600,,4096,32768,65,AMD Ryzen 7 Desktop Processors,AM4,DDR4,https://www.amd.com/en/product/10791,Desktop,95,3200,10791
6,6,12,AMD Ryzen 5 5600X,11/5/2020,7,3700,4600,,3072,32768,65,AMD Ryzen 5 Desktop Processors,AM4,DDR4,https://www.amd.com/en/product/10471,Boxed Processor,95,3200,10471
7,12,24,AMD Ryzen 9 3900XT,7/2020,7,3800,4700,,6144,65536,105,AMD Ryzen 9 Desktop Processors,,DDR4,https://www.amd.com/en/product/9931,Boxed Processor,95,3200,9931
8,8,16,AMD Ryzen 7 3800XT,7/2020,7,3900,4700,,4096,32768,105,AMD Ryzen 7 Desktop Processors,AM4,DDR4,https://www.amd.com/en/product/9941,Boxed Processor,95,3200,9941
9,6,12,AMD Ryzen 5 3600XT,7/2020,7,3800,4500,,3072,32768,95,AMD Ryzen 5 Desktop Processors,AM4,DDR4,https://www.amd.com/en/product/9936,Boxed Processor,95,3200,9936
10,64,128,AMD Ryzen Threadripper PRO 3995WX,7/14/2020,7,2700,4200,4096,32768,262144,280,AMD Ryzen Threadripper PRO Processors,sWRX8,DDR4,https://www.amd.com/en/product/10181,Desktop,90,3200,10181
11,32,64,AMD Ryzen Threadripper PRO 3975WX,7/14/2020,7,3500,4200,2048,16384,131072,280,AMD Ryzen Threadripper PRO Processors,sWRX8,DDR4,https://www.amd.com/en/product/10176,Desktop,90,3200,10176
12,16,32,AMD Ryzen Threadripper PRO 3955WX,7/14/2020,7,3900,4300,1024,8192,65536,280,AMD Ryzen Threadripper PRO Processors,sWRX8,DDR4,https://www.amd.com/en/product/10186,Desktop,90,3200,10186
13,12,24,AMD Ryzen Threadripper PRO 3945WX,7/14/2020,7,4000,4300,768,6144,65536,280,AMD Ryzen Threadripper PRO Processors,,DDR4,https://www.amd.com/en/product/10191,Desktop,90,3200,10191
14,64,128,AMD Ryzen Threadripper 3990X,2/7/2020,7,2900,4300,4096,32768,262144,280,AMD Ryzen Threadripper Processors,sTRX4,DDR4,https://www.amd.com/en/product/9111,Boxed Processor,95,3200,9111
15,8,16,AMD Ryzen 9 5980HX,1/12/2021,7,3300,4800,,4096,16384,45,AMD Ryzen 9 Mobile Processors with Radeon Graphics,FP6,"DDR4 - Up to 3200MHz, LPDDR4 - Up to 4266MHz",https://www.amd.com/en/product/10801,Laptop,105,,10801
16,8,16,AMD Ryzen 9 5980HS,1/12/2021,7,3000,4800,,4096,16384,35,AMD Ryzen 9 Mobile Processors with Radeon Graphics,FP6,"DDR4 - Up to 3200MHz, LPDDR4 - Up to 4266MHz",https://www.amd.com/en/product/10806,Laptop,105,,10806
17,32,64,AMD Ryzen Threadripper 3970X,11/25/2019,7,3700,4500,2048,16384,131072,280,AMD Ryzen Threadripper Processors,sTRX4,DDR4,https://www.amd.com/en/product/8941,Boxed Processor,95,3200,8941
18,8,16,AMD Ryzen 9 5900HX,1/12/2021,7,3300,4600,,4096,16384,45,AMD Ryzen 9 Mobile Processors with Radeon Graphics,FP6,"DDR4 - Up to 3200MHz, LPDDR4 - Up to 4266MHz",https://www.amd.com/en/product/10811,Laptop,105,,10811
19,8,16,AMD Ryzen 9 5900HS,1/12/2021,7,3000,4600,8,4096,16384,35,AMD Ryzen 9 Mobile Processors with Radeon Graphics,FP6,"DDR4 - Up to 3200MHz, LPDDR4 - Up to 4266MHz",https://www.amd.com/en/product/10816,Laptop,105,,10816
20,8,16,AMD Ryzen 7 5800H,1/12/2021,7,3200,4400,,4096,16384,45,AMD Ryzen 7 Mobile Processors with Radeon Graphics,FP6,"DDR4 - Up to 3200MHz, LPDDR4 - Up to 4266MHz",https://www.amd.com/en/product/10821,Laptop,105,,10821
21,24,48,AMD Ryzen Threadripper 3960X,11/25/2019,7,3800,4500,1536,12288,131072,280,AMD Ryzen Threadripper Processors,sTRX4,DDR4,https://www.amd.com/en/product/8946,Boxed Processor,95,3200,8946
22,8,16,AMD Ryzen 7 5800HS,1/12/2021,7,2800,4400,,4096,16384,35,AMD Ryzen 7 Mobile Processors with Radeon Graphics,FP6,"DDR4 - Up to 3200MHz, LPDDR4 - Up to 4266MHz",https://www.amd.com/en/product/10826,Laptop,105,,10826
23,6,12,AMD Ryzen 5 5600H,1/12/2021,7,3300,4200,,3072,16384,45,AMD Ryzen 5 Mobile Processors with Radeon Graphics,FP6,"DDR4 - Up to 3200MHz, LPDDR4 - Up to 4266MHz",https://www.amd.com/en/product/10831,Laptop,105,,10831
24,16,32,AMD Ryzen 9 3950X,,7,3500,4700,1024,8192,65536,105,AMD Ryzen 9 Desktop Processors,AM4,DDR4,https://www.amd.com/en/product/8486,Boxed Processor,,3200,8486
25,6,12,AMD Ryzen 5 5600HS,1/12/2021,7,3000,4200,,3072,16384,35,AMD Ryzen 5 Mobile Processors with Radeon Graphics,FP6,"DDR4 - Up to 3200MHz, LPDDR4 - Up to 4266MHz",https://www.amd.com/en/product/10836,Laptop,105,,10836
26,12,24,AMD Ryzen 9 3900X,7/7/2019,7,3800,4600,768,6144,65536,105,AMD Ryzen 9 Desktop Processors,AM4,DDR4,https://www.amd.com/en/product/8436,Boxed Processor,95,3200,8436
27,8,16,AMD Ryzen 7 5800U,1/12/2021,7,1900,4400,,4096,16384,15,AMD Ryzen 7 Mobile Processors with Radeon Graphics,FP6,"DDR4 - Up to 3200MHz, LPDDR4 - Up to 4266MHz",https://www.amd.com/en/product/10841,Laptop,105,,10841
28,8,16,AMD Ryzen 7 5700U,1/12/2021,7,1800,4300,,4096,8192,15,AMD Ryzen 7 Mobile Processors with Radeon Graphics,FP6,"DDR4 - Up to 3200MHz, LPDDR4 - Up to 4266MHz",https://www.amd.com/en/product/10846,Laptop,105,,10846
29,12,24,AMD Ryzen 9 3900 Processor (OEM Only),9/24/2019,7,3100,4300,768,6144,65536,65,AMD Ryzen 9 Desktop Processors,AM4,DDR4,https://www.amd.com/en/product/8931,Desktop,95,3200,8931
30,6,12,AMD Ryzen 5 5600U,1/12/2021,7,2300,4200,,3072,16384,15,AMD Ryzen 5 Mobile Processors with Radeon Graphics,FP6,"DDR4 - Up to 3200MHz, LPDDR4 - Up to 4266MHz",https://www.amd.com/en/product/10851,Laptop,105,,10851
31,6,12,AMD Ryzen 5 5500U,1/12/2021,7,2100,4000,,3072,8192,15,AMD Ryzen 5 Mobile Processors with Radeon Graphics,FP6,"DDR4 - Up to 3200MHz, LPDDR4 - Up to 4266MHz",https://www.amd.com/en/product/10856,Laptop,105,,10856
32,8,16,AMD Ryzen 7 3800X,7/7/2019,7,3900,4500,512,4096,32768,105,AMD Ryzen 7 Desktop Processors,AM4,DDR4,https://www.amd.com/en/product/8441,Boxed Processor,95,3200,8441
33,4,8,AMD Ryzen 3 5400U,1/12/2021,7,2600,4000,,2048,8192,15,AMD Ryzen 3 Mobile Processors with Radeon Graphics,FP6,"DDR4 - Up to 3200MHz, LPDDR4 - Up to 4266MHz",https://www.amd.com/en/product/10866,Laptop,105,,10866
34,4,8,AMD Ryzen 3 5300U,1/12/2021,7,2600,3800,,2048,4096,15,AMD Ryzen 3 Mobile Processors with Radeon Graphics,FP6,"DDR4 - Up to 3200MHz, LPDDR4 - Up to 4266MHz",https://www.amd.com/en/product/10861,Laptop,105,,10861
35,8,16,AMD Ryzen 7 3700X,7/7/2019,7,3600,4400,512,4096,32768,65,AMD Ryzen 7 Desktop Processors,AM4,DDR4,https://www.amd.com/en/product/8446,Boxed Processor,95,3200,8446
36,8,16,AMD Ryzen 7 5700G,4/13/2021,7,3800,4600,,4096,16384,65,AMD Ryzen 7 5000 G-Series Desktop Processors with Radeon Graphics,AM4,DDR4,https://www.amd.com/en/product/11171,Boxed Processor,95,3200,11171
37,8,16,AMD Ryzen 7 5700GE,4/13/2021,7,3200,4600,,4096,16384,35,AMD Ryzen 7 5000 G-Series Desktop Processors with Radeon Graphics,AM4,DDR4,https://www.amd.com/en/product/11186,Desktop,95,3200,11186
38,6,12,AMD Ryzen 5 3600X,7/7/2019,7,3800,4400,384,3072,32768,95,AMD Ryzen 5 Desktop Processors,AM4,DDR4,https://www.amd.com/en/product/8451,Boxed Processor,95,3200,8451
39,6,12,AMD Ryzen 5 5600G,4/13/2021,7,3900,4400,,3072,16384,65,AMD Ryzen 5 5000 G-Series Desktop Processors with Radeon Graphics,AM4,DDR4,https://www.amd.com/en/product/11176,Boxed Processor,95,3200,11176
40,6,12,AMD Ryzen 5 5600GE,4/13/2021,7,3400,4400,,3072,16384,35,AMD Ryzen 5 5000 G-Series Desktop Processors with Radeon Graphics,AM4,DDR4,https://www.amd.com/en/product/11191,Desktop,95,3200,11191
41,6,12,AMD Ryzen 5 3600,7/7/2019,7,3600,4200,384,3072,32768,65,AMD Ryzen 5 Desktop Processors,AM4,DDR4,https://www.amd.com/en/product/8456,Boxed Processor,95,3200,8456
42,4,8,AMD Ryzen 3 5300G (OEM Only),4/13/2021,7,4000,4200,,2048,8192,65,AMD Ryzen 3 5000 G-Series Desktop Processors with Radeon Graphics,AM4,DDR4,https://www.amd.com/en/product/11181,Desktop,95,3200,11181
43,4,8,AMD Ryzen 3 5300GE (OEM Only),4/13/2021,7,3600,4200,,2048,8192,35,AMD Ryzen 3 5000 G-Series Desktop Processors with Radeon Graphics,AM4,DDR4,https://www.amd.com/en/product/11196,Desktop,95,3200,11196
44,4,8,AMD Ryzen 3 3300X,05/2020,7,3800,4300,256,2048,16384,65,AMD Ryzen 3 Desktop Processors,AM4,DDR4,https://www.amd.com/en/product/9671,Boxed Processor,,3200,9671
45,8,16,AMD Ryzen 7 4700G (OEM Only),7/21/2020,7,3600,4400,512,4096,8192,65,AMD Ryzen 7 4000 G-Series Desktop Processors with Radeon Graphics,AM4,DDR4,https://www.amd.com/en/product/10196,Desktop,95,3200,10196
46,4,8,AMD Ryzen 3 3100,05/2020,7,3600,3900,256,2048,16384,65,AMD Ryzen 3 Desktop Processors,AM4,DDR4,https://www.amd.com/en/product/9676,Boxed Processor,,3200,9676
47,6,12,AMD Ryzen 5 4600G (OEM Only),7/21/2020,7,3700,4200,384,3072,8192,65,AMD Ryzen 5 4000 G-Series Desktop Processors with Radeon Graphics,AM4,DDR4,https://www.amd.com/en/product/10201,Desktop,95,3200,10201
48,4,8,AMD Ryzen 3 4300G (OEM Only),7/21/2020,7,3800,4000,256,2048,4096,65,AMD Ryzen 3 4000 G-Series Desktop Processors with Radeon Graphics,AM4,DDR4,https://www.amd.com/en/product/10206,Desktop,95,3200,10206
49,6,6,AMD Ryzen 5 3500 Processor (OEM Only),,7,3600,4100,384,3072,16384,65,AMD Ryzen 5 Desktop Processors,AM4,DDR4,https://www.amd.com/en/product/8981,Desktop,95,3200,8981
50,8,16,AMD Ryzen 7 4700GE (OEM Only),7/21/2020,7,3100,4300,512,4096,8192,35,AMD Ryzen 7 4000 G-Series Desktop Processors with Radeon Graphics,AM4,DDR4,https://www.amd.com/en/product/10211,Desktop,95,3200,10211
51,6,12,AMD Ryzen 5 4600GE (OEM Only),7/21/2020,7,3300,4200,384,3072,8192,35,AMD Ryzen 5 4000 G-Series Desktop Processors with Radeon Graphics,AM4,DDR4,https://www.amd.com/en/product/10216,Desktop,95,3200,10216
52,4,8,AMD Ryzen 3 4300GE (OEM Only),7/21/2020,7,3500,4000,256,2048,4096,35,AMD Ryzen 3 4000 G-Series Desktop Processors with Radeon Graphics,AM4,DDR4,https://www.amd.com/en/product/10221,Desktop,95,3200,10221
53,8,16,AMD Ryzen 9 4900H,3/16/20,7,3300,4400,,4096,8192,35,AMD Ryzen 9 Mobile Processors with Radeon Graphics,FP6,"DDR4 - Up to 3200MHz, LPDDR4 - Up to 4266MHz",https://www.amd.com/en/product/9651,Laptop,105,,9651
54,8,16,AMD Ryzen 9 4900HS,,7,3000,4300,,4096,8192,35,AMD Ryzen 9 Mobile Processors with Radeon Graphics,FP6,"DDR4 - Up to 3200MHz, LPDDR4 - Up to 4266MHz",https://www.amd.com/en/product/9206,Laptop,105,,9206
55,8,16,AMD Ryzen 7 4800HS,,7,2900,4200,,4096,8192,45,AMD Ryzen 7 Mobile Processors with Radeon Graphics,FP6,"DDR4 - Up to 3200MHz, LPDDR4 - Up to 4266MHz",https://www.amd.com/en/product/10511,Laptop,105,,10511
56,8,16,AMD Ryzen 7 4800H,1/6/2020,7,2900,4200,,4096,8192,45,AMD Ryzen 7 Mobile Processors with Radeon Graphics,FP6,"DDR4 - Up to 3200MHz, LPDDR4 - Up to 4266MHz",https://www.amd.com/en/product/9081,Laptop,105,,9081
57,6,12,AMD Ryzen 5 4600H,1/6/2020,7,3000,4000,,3072,8192,45,AMD Ryzen 5 Mobile Processors with Radeon Graphics,FP6,"DDR4 - Up to 3200MHz, LPDDR4 - Up to 4266MHz",https://www.amd.com/en/product/9086,Laptop,105,,9086
58,8,16,AMD Ryzen 7 4800U,1/6/2020,7,1800,4200,,4096,8192,15,AMD Ryzen 7 Mobile Processors with Radeon Graphics,FP6,"DDR4 - Up to 3200MHz, LPDDR4 - Up to 4266MHz",https://www.amd.com/en/product/9091,Laptop,105,,9091
59,8,8,AMD Ryzen 7 4700U,1/6/2020,7,2000,4100,,4096,8192,15,AMD Ryzen 7 Mobile Processors with Radeon Graphics,FP6,"DDR4 - Up to 3200MHz, LPDDR4 - Up to 4266MHz",https://www.amd.com/en/product/9096,Laptop,105,,9096
60,6,12,AMD Ryzen 5 4600U,1/6/2020,7,2100,4000,,3072,8192,15,AMD Ryzen 5 Mobile Processors with Radeon Graphics,FP6,"DDR4 - Up to 3200MHz, LPDDR4 - Up to 4266MHz",https://www.amd.com/en/product/9116,Laptop,105,,9116
61,6,6,AMD Ryzen 5 4500U,1/6/2020,7,2300,4000,,3072,8192,15,AMD Ryzen 5 Mobile Processors with Radeon Graphics,FP6,"DDR4 - Up to 3200MHz, LPDDR4 - Up to 4266MHz",https://www.amd.com/en/product/9101,Laptop,105,,9101
62,4,4,AMD Ryzen 3 4300U,1/6/2020,7,2700,3700,,2048,4096,15,AMD Ryzen 3 Mobile Processors with Radeon Graphics,FP6,"DDR4 - Up to 3200MHz, LPDDR4 - Up to 4266MHz",https://www.amd.com/en/product/9106,Laptop,105,,9106
63,2,4,AMD Ryzen 3 3250U,1/6/2020,14,2600,3500,192,1024,4096,15,AMD Ryzen 3 Mobile Processors with Radeon Graphics,FP5,DDR4,https://www.amd.com/en/product/9051,Laptop,95,2400,9051
64,8,16,AMD Ryzen 7 4980U Microsoft Surface Edition,4/13/2021,7,2000,4400,512,4096,8192,15,AMD Ryzen 7 Mobile Processors with Radeon Graphics Microsoft Surface Edition,FP6,LPDDR4,https://www.amd.com/en/product/11286,Laptop,105,4267,11286
65,4,8,AMD Ryzen 5 3400G with Radeon RX Vega 11 Graphics,7/7/2019,12,3700,4200,384,2048,4096,65,AMD Ryzen 5 Desktop Processors with Radeon Vega Graphics,AM4,DDR4,https://www.amd.com/en/product/8476,Boxed Processor,95,2933,8476
66,6,12,AMD Ryzen 5 4680U Microsoft Surface Edition,4/13/2021,7,2200,4000,384,3072,8192,15,AMD Ryzen 5 Mobile Processors with Radeon Graphics Microsoft Surface Edition,FP6,LPDDR4,https://www.amd.com/en/product/11291,Laptop,105,4267,11291
67,4,8,AMD Ryzen 5 3400GE (OEM Only),7/7/19,12,3300,4000,384,2048,4096,35,AMD Ryzen 5 Desktop Processors with Radeon Vega Graphics,AM4,,https://www.amd.com/en/product/8991,Desktop,95,2933,8991
68,4,8,AMD Ryzen 7 3780U Microsoft Surface Edition,,12,2300,4000,384,2048,4096,15,AMD Ryzen 7 Mobile Processors with Radeon RX Vega 11 Graphics Microsoft Surface Edition,FP5,,https://www.amd.com/en/product/8921,Laptop,105,2400,8921
69,4,4,AMD Ryzen 3 3200G with Radeon Vega 8 Graphics,7/7/2019,12,3600,4000,384,2048,4096,65,AMD Ryzen 3 Desktop Processors with Radeon Vega Graphics,AM4,DDR4,https://www.amd.com/en/product/8481,Boxed Processor,95,2933,8481
70,4,4,AMD Ryzen 3 3200GE (OEM Only),7/7/19,12,3300,3800,384,2048,4096,35,AMD Ryzen 3 Desktop Processors with Radeon Vega Graphics,AM4,,https://www.amd.com/en/product/8996,Desktop,95,2933,8996
71,2,4,AMD Athlon 320GE,7/7/2019,14,3500,,192,1024,4096,35,AMD Athlon Desktop Processors with Radeon Vega Graphics,AM4,DDR4,https://www.amd.com/en/product/10136,Desktop,95,2667,10136
72,2,4,AMD Athlon 300GE,7/7/19,14,3400,,192,1024,4096,35,AMD Athlon Desktop Processors with Radeon Vega Graphics,AM4,,https://www.amd.com/en/product/8986,Desktop,95,2667,8986
73,4,8,AMD Ryzen 7 3750H,Q1 2019,12,2300,4000,384,2048,4096,35,AMD Ryzen 7 Mobile Processors with Radeon RX Vega Graphics,FP5,,https://www.amd.com/en/product/8371,Laptop,105,2400,8371
74,4,8,AMD Ryzen 5 3550H,Q1 2019,12,2100,3700,384,2048,4096,35,AMD Ryzen 5 Mobile Processors with Radeon Vega Graphics,FP5,,https://www.amd.com/en/product/8376,Laptop,105,2400,8376
75,4,8,AMD Ryzen 7 3700U,Q1 2019,12,2300,4000,384,2048,4096,15,AMD Ryzen 7 Mobile Processors with Radeon RX Vega Graphics,FP5,DDR4,https://www.amd.com/en/product/8336,Laptop,105,2400,8336
76,4,8,AMD Ryzen 5 3500U,Q1 2019,12,2100,3700,384,2048,4096,15,AMD Ryzen 5 Mobile Processors with Radeon Vega Graphics,FP5,,https://www.amd.com/en/product/8341,Laptop,105,2400,8341
77,4,4,AMD Ryzen 3 3350U,Q1 2019,12,2100,3500,348,2048,4096,15,AMD Ryzen 3 Mobile Processors with Radeon Vega Graphics,FP5,,https://www.amd.com/en/product/10876,Laptop,105,2400,10876
78,4,8,AMD Ryzen 5 3450U,Q2 2020,12,2100,3500,384,2048,4096,15,AMD Ryzen 5 Mobile Processors with Radeon Vega Graphics,FP5,,https://www.amd.com/en/product/10531,Laptop,105,2400,10531
79,4,4,AMD Ryzen 3 3300U,Q1 2019,12,2100,3500,384,2048,4096,15,AMD Ryzen 3 Mobile Processors with Radeon Vega Graphics,FP5,,https://www.amd.com/en/product/8346,Laptop,105,2400,8346
80,4,8,AMD Ryzen 5 3580U Microsoft Surface Edition,,12,2100,3700,384,2048,4096,15,AMD Ryzen 5 Mobile Processors with Radeon Vega 9 Graphics Microsoft Surface Edition,FP5,,https://www.amd.com/en/product/8916,Laptop,105,2400,8916
81,4,8,AMD Ryzen 7 3700C,9/22/2020,12,2300,4000,384,2048,4096,15,AMD Ryzen 7 Mobile Processors with Radeon Graphics,FP5,,https://www.amd.com/en/product/10481,Laptop,105,,10481
82,2,4,AMD Ryzen 3 3200U,Q1 2019,14,2600,3500,192,1024,4096,15,AMD Ryzen 3 Mobile Processors with Radeon Vega Graphics,FP5,,https://www.amd.com/en/product/8351,Laptop,105,2400,8351
83,4,8,AMD Ryzen 5 3500C,9/22/2020,12,2100,3700,384,2048,4096,15,AMD Ryzen 5 Mobile Processors with Radeon Graphics,FP5,,https://www.amd.com/en/product/10486,Laptop,105,,10486
84,2,4,AMD Athlon Gold 3150U,1/6/2020,14,2400,3300,192,1024,4096,15,AMD Athlon Mobile Processors with Radeon Graphics,FP5,DDR4,https://www.amd.com/en/product/9061,Laptop,95,2400,9061
85,2,4,AMD Ryzen 3 3250C,9/22/2020,14,2600,3500,192,1024,4096,15,AMD Ryzen 3 Mobile Processors with Radeon Graphics,FP5,,https://www.amd.com/en/product/9066,Laptop,105,,9066
86,2,4,AMD Athlon 300U,,14,2400,3300,193,1024,4096,15,AMD Athlon Mobile Processors with Radeon Vega Graphics,FP5,,https://www.amd.com/en/product/8356,Laptop,105,2400,8356
87,2,2,AMD Athlon Silver 3050U,1/6/2020,14,2300,3200,192,1024,4096,15,AMD Athlon Mobile Processors with Radeon Graphics,FP5,DDR4,https://www.amd.com/en/product/9056,Laptop,95,2400,9056
88,2,4,AMD Athlon Silver 3050e,1/6/2020,14,1400,2800,,1024,4096,6,AMD Athlon Mobile Processors with Radeon Graphics,,DDR4,https://www.amd.com/en/product/9896,Laptop,,2400,9896
89,2,4,AMD Athlon Gold 3150C,9/22/2020,14,2400,3300,192,1024,4096,15,AMD Athlon Mobile Processors with Radeon Graphics,FP5,,https://www.amd.com/en/product/9076,Laptop,95,,9076
90,2,2,AMD Athlon  Silver 3050C,9/22/2020,14,2300,3200,192,1024,4096,15,AMD Athlon Mobile Processors with Radeon Graphics,FP5,,https://www.amd.com/en/product/9071,Laptop,95,,9071
91,4,4,AMD Athlon Gold 3150GE (OEM Only),7/21/2020,12,3300,3800,384,2048,4096,35,AMD Athlon 3000 G-Series Desktop Processors with Radeon Graphics,AM4,DDR4,https://www.amd.com/en/product/10231,Desktop,95,2933,10231
92,2,2,AMD 3020e,1/6/2020,14,1200,2600,,1024,4096,6,AMD 3000 Series Mobile Processors with Radeon Graphics,,DDR4,https://www.amd.com/en/product/9901,Laptop,,2400,9901
93,4,4,AMD Athlon Gold 3150G (OEM Only),7/21/2020,12,3500,3900,384,2048,4096,65,AMD Athlon 3000 G-Series Desktop Processors with Radeon Graphics,AM4,DDR4,https://www.amd.com/en/product/10226,Desktop,95,2933,10226
94,2,4,AMD 3015e,7/6/2020,14,1200,2300,,1024,4096,6,AMD 3000 Series Mobile Processors with Radeon Graphics,FT5,DDR4,https://www.amd.com/en/product/10166,Laptop,105,1600,10166
95,2,4,AMD Athlon Silver 3050GE (OEM Only),7/21/2020,14,3400,3400,192,1024,4096,35,AMD Athlon 3000 G-Series Desktop Processors with Radeon Graphics,AM4,DDR4,https://www.amd.com/en/product/10236,Desktop,95,2667,10236
96,2,4,AMD 3015Ce,4/29/2021,14,1200,2300,,1024,4096,6,AMD 3000 Series Mobile Processors with Radeon Graphics,FT5,DDR4,https://www.amd.com/en/product/11201,Laptop,105,1600,11201
97,32,64,AMD Ryzen Threadripper 2990WX,8/13/2018,12,3000,4200,3072,16384,65536,250,AMD Ryzen Threadripper Processors,sTR4,DDR4,https://www.amd.com/en/product/7921,Boxed Processor,68,2933,7921
98,24,48,AMD Ryzen Threadripper 2970WX,10/18,12,3000,4200,2304,12288,65536,250,AMD Ryzen Threadripper Processors,sTR4,DDR4,https://www.amd.com/en/product/7936,Boxed Processor,68,2933,7936
99,16,32,AMD Ryzen Threadripper 2950X,8/31/2018,12,3500,4400,1536,8192,32768,180,AMD Ryzen Threadripper Processors,sTR4,DDR4,https://www.amd.com/en/product/7926,Boxed Processor,68,2933,7926
100,12,24,AMD Ryzen Threadripper 2920X,10/18,12,3500,4300,1152,6144,32768,180,AMD Ryzen Threadripper Processors,sTR4,DDR4,https://www.amd.com/en/product/7941,Boxed Processor,68,2933,7941
101,8,16,AMD Ryzen 7 2700X,04/19/2018,12,3700,4300,768,4096,16384,105,AMD Ryzen 7 Desktop Processors,AM4,DDR4,https://www.amd.com/en/product/7656,Boxed Processor,85,2933,7656
102,8,16,AMD Ryzen 7 2700,04/19/2018,12,3200,4100,768,4096,16384,65,AMD Ryzen 7 Desktop Processors,AM4,DDR4,https://www.amd.com/en/product/7661,Boxed Processor,95,2933,7661
103,8,16,AMD Ryzen 7 2700E Processor,September 2018,12,2800,4000,768,4096,16384,45,AMD Ryzen 7 Desktop Processors,AM4,DDR4,https://www.amd.com/en/product/8266,Desktop,95,2667,8266
104,6,12,AMD Ryzen 5 2600X,04/19/2018,12,3600,4200,576,3072,16384,95,AMD Ryzen 5 Desktop Processors,AM4,DDR4,https://www.amd.com/en/product/7671,Boxed Processor,95,2933,7671
105,6,12,AMD Ryzen 5 2600,04/19/2018,12,3400,3900,576,3072,16384,65,AMD Ryzen 5 Desktop Processors,AM4,DDR4,https://www.amd.com/en/product/7666,Boxed Processor,95,2933,7666
106,6,12,AMD Ryzen 5 2600E,September 2018,12,3100,4000,578,3072,16384,45,AMD Ryzen 5 Desktop Processors,AM4,DDR4,https://www.amd.com/en/product/8261,Desktop,95,2667,8261
107,4,8,AMD Ryzen 5 2500X,9/10/2018,12,3600,4000,384,2048,8192,65,AMD Ryzen 5 Desktop Processors,AM4,DDR4,https://www.amd.com/en/product/8216,Desktop,95,2933,8216
108,4,8,AMD Ryzen 5 2400G with Radeon RX Vega 11 Graphics,02/12/2018,14,3600,3900,384,2048,4096,65,AMD Ryzen 5 Desktop Processors with Radeon Vega Graphics,AM4,DDR4,https://www.amd.com/en/product/7221,Boxed Processor,95,2933,7221
109,4,8,AMD Ryzen 5 2400GE with Radeon RX Vega 11 Graphics,04/19/2018,14,3200,3800,384,2048,4096,35,AMD Ryzen 5 Desktop Processors with Radeon Vega Graphics,AM4,DDR4,https://www.amd.com/en/product/7651,Desktop,95,2933,7651
110,4,4,AMD Ryzen 3 2300X,9/10/2018,12,3500,4000,384,2048,8192,65,AMD Ryzen 3 Desktop Processors,AM4,DDR4,https://www.amd.com/en/product/8221,Desktop,95,2933,8221
111,4,4,AMD Ryzen 3 2200G with Radeon Vega 8 Graphics,02/12/2018,14,3500,3700,384,2048,4096,65,AMD Ryzen 3 Desktop Processors with Radeon Vega Graphics,AM4,DDR4,https://www.amd.com/en/product/7226,Boxed Processor,95,2933,7226
112,4,4,AMD Ryzen 3 2200GE with Radeon Vega 8 Graphics,04/19/2018,14,3200,3600,384,2048,4096,35,AMD Ryzen 3 Desktop Processors with Radeon Vega Graphics,AM4,DDR4,https://www.amd.com/en/product/7646,Desktop,95,2933,7646
113,4,8,AMD Ryzen 7 2800H,9/10/2018,14,3300,3800,192,2048,4096,45,AMD Ryzen 7 Mobile Processors with Radeon RX Vega Graphics,FP5,,https://www.amd.com/en/product/8251,Laptop,95,3200,8251
114,4,8,AMD Ryzen 5 2600H,9/10/2018,14,3200,3600,192,2048,4096,45,AMD Ryzen 5 Mobile Processors with Radeon Vega Graphics,FP5,,https://www.amd.com/en/product/8256,Laptop,95,3200,8256
115,4,8,AMD Ryzen 7 2700U,10/26/2017,14,2200,3800,384,2048,4096,15,AMD Ryzen 7 Mobile Processors with Radeon RX Vega Graphics,FP5,DDR4,https://www.amd.com/en/product/5306,Laptop,95,2400,5306
116,4,8,AMD Ryzen 5 2500U,10/26/2017,14,2000,3600,384,2048,4096,15,AMD Ryzen 5 Mobile Processors with Radeon Vega Graphics,FP5,DDR4,https://www.amd.com/en/product/5311,Laptop,95,2400,5311
117,4,4,AMD Ryzen 3 2300U,1/8/2018,14,2000,3400,384,2048,4096,15,AMD Ryzen 3 Mobile Processors with Radeon Vega Graphics,FP5,DDR4,https://www.amd.com/en/product/7236,Laptop,95,2400,7236
118,2,4,AMD Ryzen 3 2200U,1/8/2018,14,2500,3400,384,1024,4096,15,AMD Ryzen 3 Mobile Processors with Radeon Vega Graphics,FP5,DDR4,https://www.amd.com/en/product/7231,Laptop,95,2400,7231
119,16,32,AMD Ryzen Threadripper 1950X,7/31/2017,14,3400,4000,1536,8192,32768,180,AMD Ryzen Threadripper Processors,sTR4,DDR4,https://www.amd.com/en/product/2066,Boxed Processor,68,2667,2066
120,12,24,AMD Ryzen Threadripper 1920X,7/31/2017,14,3500,4000,1152,6144,32768,180,AMD Ryzen Threadripper Processors,sTR4,DDR4,https://www.amd.com/en/product/2061,Boxed Processor,68,2667,2061
121,8,16,AMD Ryzen Threadripper 1900X,8/31/2017,14,3800,4000,768,4096,16384,180,AMD Ryzen Threadripper Processors,sTR4,DDR4,https://www.amd.com/en/product/3011,Boxed Processor,68,2667,3011
122,8,16,AMD Ryzen 7 1800X,3/2/2017,14,3600,4000,768,4096,16384,95,AMD Ryzen 7 Desktop Processors,AM4,DDR4,https://www.amd.com/en/product/1221,Boxed Processor,95,2667,1221
123,6,12,AMD Ryzen 5 PRO 5650G,6/1/2021,7,3900,4400,,3072,16384,65,AMD Ryzen 5 PRO 5000 Series Desktop Processors,AM4,DDR4,https://www.amd.com/en/product/11241,Desktop,95,3200,11241
124,6,12,AMD Ryzen 5 PRO 5650GE,6/1/2021,7,3400,4400,,3072,16384,35,AMD Ryzen 5 PRO 5000 Series Desktop Processors,AM4,DDR4,https://www.amd.com/en/product/11236,Desktop,95,3200,11236
125,8,16,AMD Ryzen 7 1700X,3/2/2017,14,3400,3800,768,4096,16384,95,AMD Ryzen 7 Desktop Processors,AM4,DDR4,https://www.amd.com/en/product/1226,Boxed Processor,95,2667,1226
126,12,24,AMD Ryzen 9 PRO 3900,9/30/19,7,3100,4300,768,6144,65536,65,AMD Ryzen 9 PRO Desktop Processors,AM4,DDR4,https://www.amd.com/en/product/8861,Desktop,95,3200,8861
127,8,16,AMD Ryzen 7 1700 Processor,3/2/2017,14,3000,3700,768,4096,16384,65,AMD Ryzen 7 Desktop Processors,AM4,DDR4,https://www.amd.com/en/product/1216,Boxed Processor,95,2667,1216
128,8,16,AMD Ryzen 7 PRO 3700,9/30/19,7,3600,4400,512,4096,32768,65,AMD Ryzen 7 PRO Desktop Processors,AM4,DDR4,https://www.amd.com/en/product/8871,Desktop,95,3200,8871
129,8,16,AMD Ryzen 7 PRO 5850U,03/16/2021,7,1900,4400,,4096,16384,15,AMD Ryzen 7 PRO 5000 Series Mobile Processors,FP6,"DDR4, LPDDR4",https://www.amd.com/en/product/11011,Laptop,105,3200,11011
130,6,12,AMD Ryzen 5 PRO 5650U,03/16/2021,7,2300,4200,,3072,16384,15,AMD Ryzen 5 PRO 5000 Series Mobile Processors,FP6,"DDR4, LPDDR4",https://www.amd.com/en/product/11006,Laptop,105,3200,11006
131,8,16,AMD Ryzen 7 PRO 5750G,6/1/2021,7,3800,4600,,4096,16384,65,AMD Ryzen 7 PRO 5000 Series Desktop Processors,AM4,DDR4,https://www.amd.com/en/product/11231,Desktop,95,3200,11231
132,4,8,AMD Ryzen 3 PRO 5450U,03/16/2021,7,2600,4000,,2048,8192,15,AMD Ryzen 3 PRO 5000 Series Mobile Processors,FP6,"DDR4, LPDDR4",https://www.amd.com/en/product/11016,Laptop,105,3200,11016
133,8,16,AMD Ryzen 7 PRO 5750GE,6/1/2021,7,3200,4600,,4096,16384,35,AMD Ryzen 7 PRO 5000 Series Desktop Processors,AM4,DDR4,https://www.amd.com/en/product/11226,Desktop,95,3200,11226
134,4,8,AMD Ryzen 3 PRO 5350G,6/1/2021,7,4000,4200,,2048,8192,65,AMD Ryzen 3 PRO 5000 Series Desktop Processors,AM4,DDR4,https://www.amd.com/en/product/11246,Desktop,95,3200,11246
135,8,16,AMD Ryzen 7 PRO 4750G,7/21/2020,7,3600,4400,512,4096,8192,65,AMD Ryzen 7 PRO 4000 Series Desktop Processors,AM4,DDR4,https://www.amd.com/en/product/10241,Desktop,95,3200,10241
136,8,16,AMD Ryzen 7 PRO 4750GE,7/21/2020,7,3100,4300,512,4096,8192,35,AMD Ryzen 7 PRO 4000 Series Desktop Processors,AM4,DDR4,https://www.amd.com/en/product/10256,Desktop,95,3200,10256
137,6,12,AMD Ryzen 5 PRO 3600,9/30/19,7,3600,4200,384,3072,32768,65,AMD Ryzen 5 PRO Desktop Processors,AM4,DDR4,https://www.amd.com/en/product/8866,Desktop,95,3200,8866
138,6,12,AMD Ryzen 5 1600X,4/11/2017,14,3600,4000,576,3072,16384,95,AMD Ryzen 5 Desktop Processors,AM4,DDR4,https://www.amd.com/en/product/1246,Boxed Processor,95,2667,1246
139,4,8,AMD Ryzen 3 PRO 5350GE,6/1/2021,7,3600,4200,,2048,8192,35,AMD Ryzen 3 PRO 5000 Series Desktop Processors,AM4,DDR4,https://www.amd.com/en/product/11251,Desktop,95,3200,11251
140,6,12,AMD Ryzen 5 PRO 4650G,7/21/2020,7,3700,4200,384,3072,8192,65,AMD Ryzen 5 PRO 4000 Series Desktop Processors,AM4,DDR4,https://www.amd.com/en/product/10246,Desktop,95,3200,10246
141,6,12,AMD Ryzen 5 PRO 4650GE,7/21/2020,7,3300,4200,384,3072,8192,35,AMD Ryzen 5 PRO 4000 Series Desktop Processors,AM4,DDR4,https://www.amd.com/en/product/10261,Desktop,95,3200,10261
142,4,8,AMD Ryzen 3 PRO 4350G,7/21/2020,7,3800,4000,256,2048,4096,65,AMD Ryzen 3 PRO 4000 Series Desktop Processors,AM4,DDR4,https://www.amd.com/en/product/10251,Desktop,95,3200,10251
143,4,8,AMD Ryzen 3 PRO 4350GE,7/21/2020,7,3500,4000,256,2048,4096,35,AMD Ryzen 3 PRO 4000 Series Desktop Processors,AM4,DDR4,https://www.amd.com/en/product/10266,Desktop,95,3200,10266
144,6,12,AMD Ryzen 5 1600,4/11/2017,14,3200,3600,576,3072,16384,65,AMD Ryzen 5 Desktop Processors,AM4,DDR4,https://www.amd.com/en/product/1241,Boxed Processor,95,2667,1241
145,6,12,AMD Ryzen 5 1600 (AF),,12,3200,3600,576,3072,16384,65,AMD Ryzen 5 Desktop Processors,AM4,DDR4,https://www.amd.com/en/product/9121,Boxed Processor,95,2667,9121
146,4,8,AMD Ryzen 5 PRO 3400G,9/30/19,12,3700,4200,384,2048,4096,65,AMD Ryzen 5 PRO Desktop Processors with Radeon Vega Graphics,AM4,DDR4,https://www.amd.com/en/product/8876,Desktop,95,2933,8876
147,4,8,AMD Ryzen 5 PRO 3400GE,9/30/19,12,3300,4000,384,2048,4096,35,AMD Ryzen 5 PRO Desktop Processors with Radeon Vega Graphics,AM4,DDR4,https://www.amd.com/en/product/8886,Desktop,95,2933,8886
148,4,8,AMD Ryzen 5 1500X,4/11/2017,14,3500,3700,384,2048,16384,65,AMD Ryzen 5 Desktop Processors,AM4,DDR4,https://www.amd.com/en/product/1236,Boxed Processor,95,2667,1236
149,4,8,AMD Ryzen 5 PRO 3350G,7/21/2020,12,3600,4000,384,2048,4096,65,AMD Ryzen 5 PRO 3000 Series Desktop Processors,AM4,DDR4,https://www.amd.com/en/product/10271,Desktop,95,2933,10271
150,4,4,AMD Ryzen 5 PRO 3350GE,7/21/2020,12,3300,3900,384,2048,4096,35,AMD Ryzen 5 PRO 3000 Series Desktop Processors,,DDR4,https://www.amd.com/en/product/10276,Desktop,95,2933,10276
151,4,8,AMD Ryzen 5 1400,4/11/2017,14,3200,3400,384,2048,8192,65,AMD Ryzen 5 Desktop Processors,AM4,DDR4,https://www.amd.com/en/product/1231,Boxed Processor,95,2667,1231
152,4,4,AMD Ryzen 3 PRO 3200G,9/30/19,12,3600,4000,384,2048,4096,65,AMD Ryzen 3 PRO Desktop Processors with Radeon Vega Graphics,AM4,DDR4,https://www.amd.com/en/product/8881,Desktop,95,2933,8881
153,4,4,AMD Ryzen 3 PRO 3200GE,9/30/19,12,3300,3800,384,2048,4096,35,AMD Ryzen 3 PRO Desktop Processors with Radeon Vega Graphics,AM4,DDR4,https://www.amd.com/en/product/8891,Desktop,95,2933,8891
154,4,4,AMD Ryzen 3 1300X,07/27/2017,14,3500,3700,384,2048,8192,65,AMD Ryzen 3 Desktop Processors,AM4,DDR4,https://www.amd.com/en/product/2041,Boxed Processor,95,2667,2041
155,4,4,AMD Athlon Gold PRO 3150G,7/21/2020,12,3500,3900,384,2048,4096,65,AMD Athlon PRO 3000 Series Desktop Processors,AM4,DDR4,https://www.amd.com/en/product/10281,Desktop,95,2933,10281
156,4,4,AMD Athlon Gold PRO 3150GE,7/21/2020,12,3300,3800,384,2048,4096,35,AMD Athlon PRO 3000 Series Desktop Processors,AM4,DDR4,https://www.amd.com/en/product/10286,Desktop,95,2933,10286
157,2,4,AMD Athlon Silver PRO 3125GE,7/21/2020,12,3400,3400,192,1024,4096,35,AMD Athlon PRO 3000 Series Desktop Processors,AM4,DDR4,https://www.amd.com/en/product/10291,Desktop,95,2667,10291
158,2,4,AMD Athlon PRO 300GE,9/30/19,12,3400,,192,1024,4096,35,AMD Athlon PRO Desktop Processors with Radeon Vega Graphics,AM4,DDR4,https://www.amd.com/en/product/8896,Desktop,95,2667,8896
159,4,4,AMD Ryzen 3 1200,07/27/2017,14,3100,3400,384,2048,8192,65,AMD Ryzen 3 Desktop Processors,AM4,DDR4,https://www.amd.com/en/product/2046,Boxed Processor,95,2667,2046
160,8,16,AMD Ryzen 7 PRO 2700X,,12,3600,4100,768,4096,16384,95,AMD Ryzen 7 PRO Desktop Processors,AM4,DDR4,https://www.amd.com/en/product/8236,Desktop,95,2933,8236
161,8,16,AMD Ryzen 7 PRO 4750U,5/7/2020,7,1700,4100,,4096,8192,15,AMD Ryzen 7 PRO 4000 Series Mobile Processors,FP6,"DDR4 - Up to 3200MHz, LPDDR4 - Up to 4266MHz",https://www.amd.com/en/product/9686,Laptop,105,,9686
162,8,16,AMD Ryzen 7 PRO 2700,,12,3200,4100,768,4096,16384,65,AMD Ryzen 7 PRO Desktop Processors,AM4,DDR4,https://www.amd.com/en/product/8241,Desktop,95,2933,8241
163,6,12,AMD Ryzen 5 PRO 4650U,5/7/2020,7,2100,4000,,3072,8192,15,AMD Ryzen 5 PRO 4000 Series Mobile Processors,FP6,"DDR4 - Up to 3200MHz, LPDDR4 - Up to 4266MHz",https://www.amd.com/en/product/9691,Laptop,105,,9691
164,4,8,AMD Ryzen 3 PRO 4450U,5/7/2020,7,2500,3700,,2048,4096,15,AMD Ryzen 3 PRO 4000 Series Mobile Processors,FP6,"DDR4 - Up to 3200MHz, LPDDR4 - Up to 4266MHz",https://www.amd.com/en/product/9696,Laptop,105,,9696
165,8,16,AMD Ryzen 7 PRO 1700X Processor,06/29/2017,14,3400,3800,,4096,16384,95,AMD Ryzen 7 PRO Desktop Processors,AM4,DDR4,https://www.amd.com/en/product/2011,Desktop,95,2667,2011
166,4,8,AMD Ryzen 7 PRO 3700U,4/8/2019,12,2300,4000,384,2048,4096,15,AMD Ryzen 7 PRO Mobile Processors with Radeon Vega Graphics,FP5,,https://www.amd.com/en/product/8416,Laptop,95,2400,8416
167,4,8,AMD Ryzen 5 PRO 3500U,4/8/2019,12,2100,3700,384,2048,4096,15,AMD Ryzen 5 PRO Mobile Processors with Radeon Vega Graphics,FP5,,https://www.amd.com/en/product/8411,Laptop,95,2400,8411
168,8,16,AMD Ryzen 7 PRO 1700,06/29/2017,14,3000,3700,768,4096,16384,65,AMD Ryzen 7 PRO Desktop Processors,AM4,DDR4,https://www.amd.com/en/product/2016,Desktop,95,2667,2016
169,6,12,AMD Ryzen 5 PRO 2600,,12,3400,3900,576,3072,16384,65,AMD Ryzen 5 PRO Desktop Processors,AM4,DDR4,https://www.amd.com/en/product/8246,Desktop,95,2933,8246
170,2,4,AMD Athlon PRO 3145B,Q12021,14,2400,3300,196608,1024,4096,15,AMD Athlon PRO Mobile Processors with Radeon Graphics,FP5,DDR4,https://www.amd.com/en/product/10896,Laptop,100,2400,10896
171,4,4,AMD Ryzen 3 PRO 3300U,4/8/2019,12,2100,3500,384,2048,4096,15,AMD Ryzen 3 PRO Mobile Processors with Radeon Vega Graphics,FP5,,https://www.amd.com/en/product/8406,Laptop,95,2400,8406
172,2,2,AMD Athlon PRO 3045B,Q12021,14,2300,3200,196608,1024,4096,15,AMD Athlon PRO Mobile Processors with Radeon Graphics,FP5,DDR4,https://www.amd.com/en/product/10901,Laptop,100,2400,10901
173,6,12,AMD Ryzen 5 PRO 1600,06/29/2017,14,3200,3600,576,3072,16384,65,AMD Ryzen 5 PRO Desktop Processors,AM4,DDR4,https://www.amd.com/en/product/2021,Desktop,95,2667,2021
174,2,4,AMD Athlon PRO 300U Mobile Processor with Radeon Vega 3 Graphics,,14,2400,3300,384,1024,4096,15,AMD Athlon PRO Mobile Processors with Radeon Vega Graphics,FP5,,https://www.amd.com/en/product/8421,Laptop,95,2400,8421
175,4,8,AMD Ryzen 5 PRO 1500,06/29/2017,14,3500,3700,384,2048,16384,65,AMD Ryzen 5 PRO Desktop Processors,AM4,DDR4,https://www.amd.com/en/product/2026,Desktop,95,2667,2026
176,4,8,AMD Ryzen 7 PRO 2700U,Q1 2019,14,2200,3800,384,2048,4096,15,AMD Ryzen 7 PRO Mobile Processors with Radeon Vega Graphics,FP5,DDR4,https://www.amd.com/en/product/7206,Laptop,95,2400,7206
177,4,8,AMD Ryzen 5 PRO 2400G with Radeon Vega 11 Graphics,5/10/2018,14,3600,3900,384,2048,4096,65,AMD Ryzen 5 PRO Desktop Processors with Radeon Vega Graphics,AM4,,https://www.amd.com/en/product/7771,Desktop,95,2933,7771
178,4,8,AMD Ryzen 5 PRO 2400GE with Radeon Vega 11 Graphics,5/10/2018,14,3200,3800,384,2048,4096,35,AMD Ryzen 5 PRO Desktop Processors with Radeon Vega Graphics,AM4,DDR4,https://www.amd.com/en/product/7786,Desktop,95,2933,7786
179,4,4,AMD Ryzen 3 PRO 1300,06/29/2017,14,3500,3700,384,2048,8192,65,AMD Ryzen 3 PRO Desktop Processors,AM4,DDR4,https://www.amd.com/en/product/2031,Desktop,95,2667,2031
180,4,8,AMD Ryzen 5 PRO 2500U,Q1 2019,14,2000,3600,384,2048,4096,15,AMD Ryzen 5 PRO Mobile Processors with Radeon Vega Graphics,FP5,DDR4,https://www.amd.com/en/product/7211,Laptop,95,2400,7211
181,4,4,AMD Ryzen 3 PRO 2200G with Radeon Vega 8 Graphics,5/10/2018,14,3500,3700,384,2048,4096,65,AMD Ryzen 3 PRO Desktop Processors with Radeon Vega Graphics,AM4,,https://www.amd.com/en/product/7776,Desktop,95,2933,7776
182,4,4,AMD Ryzen 3 PRO 2200GE with Radeon Vega 8 Graphics,5/10/2018,14,3200,3600,384,2048,4096,35,AMD Ryzen 3 PRO Desktop Processors with Radeon Vega Graphics,AM4,DDR4,https://www.amd.com/en/product/7781,Desktop,95,2933,7781
183,4,4,AMD Ryzen 3 PRO 1200,06/29/2017,14,3100,3400,384,2048,8192,65,AMD Ryzen 3 PRO Desktop Processors,AM4,DDR4,https://www.amd.com/en/product/2036,Desktop,95,2667,2036
184,4,4,AMD Ryzen 3 PRO 2300U,Q1 2019,14,2000,3400,384,2048,4096,15,AMD Ryzen 3 PRO Mobile Processors with Radeon Vega Graphics,FP5,DDR4,https://www.amd.com/en/product/7216,Laptop,95,2400,7216
185,2,,7th Gen AMD PRO A4-5350B APU,Q1 2020,28,3000,3600,,1024,,15,AMD PRO A-Series A4 APU for Laptops,,DDR4,https://www.amd.com/en/product/9436,Laptop,90,2133,9436
186,2,,7th Gen AMD PRO A4-4350B APU,Q1 2018,28,2500,2900,,1024,,15,AMD PRO A-Series A4 APU for Laptops,,DDR4,https://www.amd.com/en/product/7491,Laptop,90,2133,7491
187,2,,7th Gen AMD PRO A6-8350B APU,Q1 2020,28,3100,3700,,1024,,15,AMD PRO A-Series A6 APU for Laptops,,DDR4,https://www.amd.com/en/product/9431,Laptop,90,2133,9431
188,2,,7th Gen AMD PRO A6-7350B APU,Q1 2018,28,3000,3600,,1024,,15,AMD PRO A-Series A6 APU for Laptops,,DDR4,https://www.amd.com/en/product/7496,Laptop,90,2133,7496
189,4,,7th Gen A12-9800 APU,"Channel: 7/27/2017, OEM: 9/5/2016",28,3800,4200,,2048,,65,AMD A12-Series APU for Desktops,AM4,DDR4,https://www.amd.com/en/product/2121,Boxed Processor,90,2400,2121
190,4,,7th Gen A12-9800E APU,9/5/2016,28,3100,3800,,2048,,35,AMD A12-Series APU for Desktops,AM4,DDR4,https://www.amd.com/en/product/2116,Boxed Processor,90,2400,2116
191,4,,7th Gen A10-9700 APU,"Channel: 7/27/2017, OEM: 9/5/2016",28,3500,3800,,2048,,65,AMD A10-Series APU for Desktops,AM4,DDR4,https://www.amd.com/en/product/2111,Boxed Processor,90,2400,2111
192,4,,7th Gen A10-9700E APU,9/5/2016,28,3000,3500,,2048,,35,AMD A10-Series APU for Desktops,AM4,DDR4,https://www.amd.com/en/product/2106,Boxed Processor,90,2400,2106
193,4,,7th Gen A8-9600 APU,"Channel: 7/27/2017, OEM: 9/5/2016",28,3100,3400,,2048,,65,AMD A8-Series APU for Desktops,AM4,DDR4,https://www.amd.com/en/product/2101,Boxed Processor,90,2400,2101
194,2,,7th Gen A6-9550 APU,7/27/2017,28,3800,4000,,1024,,65,AMD A6-Series APU for Desktops,AM4,DDR4,https://www.amd.com/en/product/2086,Boxed Processor,90,2400,2086
195,2,,7th Gen A6-9500 APU,"Channel: 7/27/2017, OEM: 9/5/2016",28,3500,3800,,1024,,65,AMD A6-Series APU for Desktops,AM4,DDR4,https://www.amd.com/en/product/2096,Boxed Processor,90,2400,2096
196,2,,7th Gen A6-9500E APU,"Channel: 7/27/2017, OEM: 9/5/2016",28,3000,3400,,1024,,35,AMD A6-Series APU for Desktops,AM4,DDR4,https://www.amd.com/en/product/2091,Boxed Processor,90,2400,2091
197,4,,7th Gen A12-9730P APU,Q216,28,2800,3500,,2048,,35,AMD A12-Series APU for Laptops,FP4,DDR4,https://www.amd.com/en/product/6126,Laptop,90,2400,6126
198,4,,7th Gen A12-9700P APU,Q216,28,2500,3400,,2048,,15,AMD A12-Series APU for Laptops,FP4,DDR4,https://www.amd.com/en/product/6131,Laptop,90,1866,6131
199,4,,7th Gen A10-9630P APU,Q216,28,2600,3300,,2048,,35,AMD A10-Series APU for Laptops,FP4,DDR4,https://www.amd.com/en/product/6136,Laptop,90,2400,6136
200,4,,7th Gen A10-9600P APU,Q216,28,2400,3300,,2048,,15,AMD A10-Series APU for Laptops,FP4,DDR4,https://www.amd.com/en/product/6141,Laptop,90,1866,6141
201,2,,7th Gen A9-9425 APU,2Q18,28,3100,3700,,1024,,15,AMD A9-Series APU for Laptops,,DDR4,https://www.amd.com/en/product/8226,Laptop,90,2133,8226
202,2,,7th Gen A9-9420 APU,Q217,28,3000,3600,,1024,,15,AMD A9-Series APU for Laptops,,DDR4,https://www.amd.com/en/product/2126,Laptop,90,2133,2126
203,2,,7th Gen A9-9410 APU,Q216,28,2900,3500,,1024,,10,AMD A9-Series APU for Laptops,,DDR4,https://www.amd.com/en/product/2051,Laptop,90,2133,2051
204,2,,7th Gen A6-9225 APU,2Q18,28,2600,3100,,1024,,15,AMD A6-Series APU for Laptops,,DDR4,https://www.amd.com/en/product/8231,Laptop,90,2133,8231
205,2,,7th Gen A6-9220 APU,Q217,28,2500,2900,,1024,,15,AMD A6-Series APU for Laptops,,DDR4,https://www.amd.com/en/product/2131,Laptop,90,2133,2131
206,2,2,7th Gen A6-9220C APU,,28,1800,2700,160,1024,,6,AMD A6-Series APU for Laptops,FT4,,https://www.amd.com/en/product/8361,Laptop,90,1866,8361
207,2,,7th Gen A6-9210 APU,Q216,28,2400,2800,,1024,,15,AMD A6-Series APU for Laptops,,DDR4,https://www.amd.com/en/product/2056,Laptop,90,2133,2056
208,2,,7th Gen A4-9125 APU,2Q18,28,2300,2600,,1024,,15,AMD A4-Series APU for Laptops,,,https://www.amd.com/en/product/8396,Laptop,90,2133,8396
209,2,,7th Gen A4-9120 APU,Q217,28,2200,2500,,1024,,15,AMD A4-Series APU for Laptops,,DDR4,https://www.amd.com/en/product/2136,Laptop,90,2133,2136
210,2,2,7th Gen A4-9120C APU,,28,1600,2400,160,1024,,6,AMD A4-Series APU for Laptops,FT4,,https://www.amd.com/en/product/8366,Laptop,90,1866,8366
211,4,,7th Gen AMD PRO A12-9800 APU,10/03/2016,28,3800,4200,,2048,,65,AMD PRO A-Series A12 APU for Desktops,AM4,DDR4,https://www.amd.com/en/product/6171,Desktop,90,2400,6171
212,4,,7th Gen AMD PRO A12-9800E APU,10/03/2016,28,3100,3800,,2048,,35,AMD PRO A-Series A12 APU for Desktops,AM4,DDR4,https://www.amd.com/en/product/6176,Desktop,90,2400,6176
213,4,,7th Gen AMD PRO A10-9700 APU,10/03/2016,28,3500,3800,,2048,,65,AMD PRO A-Series A10 APU for Desktops,AM4,DDR4,https://www.amd.com/en/product/6161,Desktop,90,2400,6161
214,4,,7th Gen AMD PRO A10-9700E APU,10/03/2016,28,3000,3500,,2048,,35,AMD PRO A-Series A10 APU for Desktops,AM4,DDR4,https://www.amd.com/en/product/6166,Desktop,90,2400,6166
215,4,,7th Gen AMD PRO A8-9600 APU,10/03/2016,28,3100,3400,,2048,,65,AMD PRO A-Series A8 APU for Desktops,AM4,DDR4,https://www.amd.com/en/product/6191,Desktop,90,2400,6191
216,2,,7th Gen AMD PRO A6-9500 APU,10/03/2016,28,3500,3800,,1024,,65,AMD PRO A-Series A6 APU for Desktops,AM4,DDR4,https://www.amd.com/en/product/6181,Desktop,90,2400,6181
217,2,,7th Gen AMD PRO A6-9500E APU,10/03/2016,28,3000,3400,,1024,,35,AMD PRO A-Series A6 APU for Desktops,AM4,DDR4,https://www.amd.com/en/product/6186,Desktop,90,2400,6186
218,4,,7th Gen AMD PRO A12-9830B APU,10/24/2016,28,3000,3700,,2048,,35,AMD PRO A-Series A12 APU for Laptops,FP4,DDR4,https://www.amd.com/en/product/6196,Laptop,90,2400,6196
219,4,,7th Gen AMD PRO A12-9800B APU,10/24/2016,28,2700,3600,,2048,,15,AMD PRO A-Series A12 APU for Laptops,FP4,DDR4,https://www.amd.com/en/product/6201,Laptop,90,1866,6201
220,4,,7th Gen AMD PRO A10-9730B APU,10/24/2016,28,2800,3500,,2048,,35,AMD PRO A-Series A10 APU for Laptops,FP4,DDR4,https://www.amd.com/en/product/6206,Laptop,90,2400,6206
221,4,,7th Gen AMD PRO A10-9700B APU,10/24/2016,28,2500,3400,,2048,,15,AMD PRO A-Series A10 APU for Laptops,FP4,DDR4,https://www.amd.com/en/product/6211,Laptop,90,1866,6211
222,4,,7th Gen AMD PRO A8-9630B,10/24/2016,28,2600,3300,,2048,,35,AMD PRO A-Series A8 APU for Laptops,FP4,DDR4,https://www.amd.com/en/product/6216,Laptop,90,2400,6216
223,4,,7th Gen AMD PRO A8-9600B APU,10/24/2016,28,2400,3300,,2048,,15,AMD PRO A-Series A8 APU for Laptops,FP4,DDR4,https://www.amd.com/en/product/6221,Laptop,90,1866,6221
224,2,,7th Gen AMD PRO A6-9500B APU,10/24/2016,28,2300,3200,,1024,,15,AMD PRO A-Series A6 APU for Laptops,FP4,DDR4,https://www.amd.com/en/product/6226,Laptop,90,1866,6226
225,4,,7th Gen FX 9830P APU,Q216,28,3000,3700,,2048,,35,AMD FX-Series Processors for Laptops,FP4,DDR4,https://www.amd.com/en/product/6116,Laptop,90,2400,6116
226,4,,7th Gen FX 9800P APU,Q216,28,2700,3600,,2048,,15,AMD FX-Series Processors for Laptops,FP4,DDR4,https://www.amd.com/en/product/6121,Laptop,90,1866,6121
227,2,,7th Gen E2-9010 APU,Q217,28,200,2200,,1024,,15,AMD E2-Series APU for Laptops,,DDR4,https://www.amd.com/en/product/2141,Laptop,90,186,2141
228,4,4,6th Gen A10-8700P APU,,28,1800,3200,,2048,,15,AMD A10-Series APU for Laptops,FP4,DDR3,https://www.amd.com/en/product/5921,Laptop,90,2133,5921
229,4,4,6th Gen A8-8600P APU,,28,1600,3000,,2048,,15,AMD A8-Series APU for Laptops,FP4,DDR3,https://www.amd.com/en/product/5926,Laptop,90,2133,5926
230,4,,6th Gen AMD PRO A12-8870 APU,3Q 2016,28,3700,4200,,2048,,65,AMD PRO A-Series A12 APU for Desktops,AM4,DDR4,https://www.amd.com/en/product/6231,Desktop,,2400,6231
231,4,,6th Gen AMD PRO A12-8870E APU,,28,2900,3800,,2048,,35,AMD PRO A-Series A12 APU for Desktops,AM4,DDR4,https://www.amd.com/en/product/6146,Desktop,,2400,6146
232,4,4,6th Gen AMD PRO A10-8850B APU,,28,3900,4100,,4096,,95,AMD PRO A-Series A10 APU for Desktops,FM2+,DDR3,https://www.amd.com/en/product/6031,Desktop,72.4,2133,6031
233,4,,6th Gen AMD PRO A10-8770 APU,3Q 2016,28,3500,3800,,2048,,65,AMD PRO A-Series A10 APU for Desktops,AM4,DDR4,https://www.amd.com/en/product/6236,Desktop,,2400,6236
234,4,,6th Gen AMD PRO A10-8770E APU,3Q 2016,28,2800,3500,,2048,,35,AMD PRO A-Series A10 APU for Desktops,AM4,DDR4,https://www.amd.com/en/product/6241,Desktop,,2400,6241
235,4,4,6th Gen AMD PRO A10-8750B APU,,28,3600,4000,,4096,,65,AMD PRO A-Series A10 APU for Desktops,FM2+,DDR3,https://www.amd.com/en/product/6036,Desktop,71.3,2133,6036
236,4,4,6th Gen AMD PRO A8-8650B APU,,28,3200,3900,,4096,,65,AMD PRO A-Series A8 APU for Desktops,FM2+,DDR3,https://www.amd.com/en/product/6041,Desktop,71.3,2133,6041
237,2,,6th Gen AMD PRO A6-8570 APU,,28,3500,3800,,1024,,65,AMD PRO A-Series A6 APU for Desktops,AM4,DDR4,https://www.amd.com/en/product/6151,Desktop,,2400,6151
238,2,,6th Gen AMD PRO A6-8570E APU,,28,3000,3400,,1024,,35,AMD PRO A-Series A6 APU for Desktops,AM4,DDR4,https://www.amd.com/en/product/6156,Desktop,,2400,6156
239,2,2,6th Gen AMD PRO A6-8550B APU,,28,3700,4000,,1024,,65,AMD PRO A-Series A6 APU for Desktops,FM2+,DDR3,https://www.amd.com/en/product/6046,Desktop,71.3,2133,6046
240,2,2,6th Gen AMD PRO A4-8350B APU,,28,3500,3900,,1024,,65,AMD PRO A-Series A4 APU for Desktops,FM2+,DDR3,https://www.amd.com/en/product/6051,Desktop,71.3,1866,6051
241,4,,6th Gen AMD PRO A12-8830B APU,Q3 2016,28,2500,3400,,2048,,,AMD PRO A-Series A12 APU for Laptops,FP4,DDR4,https://www.amd.com/en/product/6246,Laptop,,1866,6246
242,4,4,6th Gen AMD PRO A12-8800B APU,,28,2100,3400,,2048,,15,AMD PRO A-Series A12 APU for Laptops,FP4,DDR3/DDR3L,https://www.amd.com/en/product/5691,Laptop,,2133,5691
243,4,,6th Gen AMD PRO A10-8730B APU,Q3 2016,28,2400,3300,,2048,,,AMD PRO A-Series A10 APU for Laptops,FP4,DDR4,https://www.amd.com/en/product/6251,Laptop,,1866,6251
244,4,4,6th Gen AMD PRO A10-8700B APU,,28,1800,3200,,2048,,15,AMD PRO A-Series A10 APU for Laptops,FP4,DDR3/DDR3L,https://www.amd.com/en/product/6066,Laptop,,2133,6066
245,4,4,6th Gen AMD PRO A8-8600B APU,,28,1600,3000,,2048,,15,AMD PRO A-Series A8 APU for Laptops,FP4,DDR3/DDR3L,https://www.amd.com/en/product/6061,Laptop,,2133,6061
246,2,,6th Gen AMD PRO A6-8530B APU,Q3 2016,28,2300,3200,,1024,,,AMD PRO A-Series A6 APU for Laptops,FP4,DDR4,https://www.amd.com/en/product/6256,Laptop,,1866,6256
247,2,4,6th Gen AMD PRO A6-8500B APU,,28,1600,3000,,1024,,15,AMD PRO A-Series A6 APU for Laptops,FP4,DDR3/DDR3L,https://www.amd.com/en/product/6056,Laptop,,1600,6056
248,4,4,6th Gen FX-8800P APU,,28,2100,3400,,2048,,15,AMD FX-Series Processors for Laptops,FP4,DDR3,https://www.amd.com/en/product/5916,Laptop,90,2133,5916
249,4,,A10-7890K with Radeon R7 Graphics and Wraith cooler,,28,4100,4300,256,4096,,95,AMD A10-Series APU for Desktops,FM2+,DDR3,https://www.amd.com/en/product/6101,Boxed Processor,72.4,2133,6101
250,4,4,A10-7870K with Radeon R7 Series,,28,3900,4100,256,4096,,95,AMD A10-Series APU for Desktops,FM2+,DDR3,https://www.amd.com/en/product/6026,Boxed Processor,72.4,2133,6026
251,4,,A10-7870K with Radeon R7 Graphics and Near Silent Thermal Solution,,28,3900,4100,256,4096,,95,AMD A10-Series APU for Desktops,FM2+,DDR3,https://www.amd.com/en/product/6106,Boxed Processor,72.4,2133,6106
252,4,4,A10-7860K with Radeon R7 Series,,28,3600,4000,256,4096,,65,AMD A10-Series APU for Desktops,FM2+,DDR3,https://www.amd.com/en/product/6086,Boxed Processor,71.3,2133,6086
253,4,4,A10-7860K with Radeon R7 Graphics and Near Silent Thermal Solution,,28,3600,4000,256,4096,,65,AMD A10-Series APU for Desktops,FM2+,DDR3,https://www.amd.com/en/product/6081,Boxed Processor,71.3,2133,6081
254,4,4,A10-7850K with Radeon R7 Series,,28,3700,4000,256,4096,,95,AMD A10-Series APU for Desktops,FM2+,DDR3,https://www.amd.com/en/product/5706,Boxed Processor,72.4,2133,5706
255,4,4,A10-7800 with Radeon R7 Series,,28,3500,3900,256,4096,,,AMD A10-Series APU for Desktops,FM2+,DDR3,https://www.amd.com/en/product/5701,Boxed Processor,71.3,2133,5701
256,4,4,A10-7700K with Radeon R7 Series,,28,3400,3800,256,4096,,,AMD A10-Series APU for Desktops,FM2+,DDR3,https://www.amd.com/en/product/5696,Boxed Processor,72.4,2133,5696
257,4,4,A10-6800K with Radeon HD 8670D,,32,4100,4400,192,4096,,100,AMD A10-Series APU for Desktops,FM2,DDR3,https://www.amd.com/en/product/5341,Boxed Processor,74,2133,5341
258,4,4,A10-6790K with Radeon HD 8670D,,32,4000,4300,192,4096,,100,AMD A10-Series APU for Desktops,FM2,DDR3,https://www.amd.com/en/product/5336,Boxed Processor,74,1866,5336
259,4,4,A10-6700 with Radeon HD 8670D,,32,3700,4300,192,4096,,65,AMD A10-Series APU for Desktops,FM2,DDR3,https://www.amd.com/en/product/5326,Boxed Processor,71.3,1866,5326
260,4,4,A10-6700T with Radeon HD 8650D,,32,2500,3500,192,4096,,45,AMD A10-Series APU for Desktops,FM2,DDR3,https://www.amd.com/en/product/5331,Boxed Processor,71.3,1866,5331
261,64,128,AMD EPYC 7763,3/15/2021,,2450,3500,,,262144,280,AMD EPYC 7003 Series,SP3,DDR4,https://www.amd.com/en/product/10906,Server,,3200,10906
262,64,128,AMD EPYC 7713P,3/15/2021,,2000,3675,,,262144,225,AMD EPYC 7003 Series,SP3,DDR4,https://www.amd.com/en/product/10911,Server,,3200,10911
263,64,128,AMD EPYC 7713,3/15/2021,,2000,3675,,,262144,225,AMD EPYC 7003 Series,SP3,DDR4,https://www.amd.com/en/product/10916,Server,,3200,10916
264,56,112,AMD EPYC 7663,3/15/2021,,2000,3500,,,262144,240,AMD EPYC 7003 Series,SP3,DDR4,https://www.amd.com/en/product/10921,Server,,3200,10921
265,48,96,AMD EPYC 7643,3/15/2021,,2300,3600,,,262144,225,AMD EPYC 7003 Series,SP3,DDR4,https://www.amd.com/en/product/10926,Server,,3200,10926
266,32,64,AMD EPYC 75F3,3/15/2021,,2950,4000,,,262144,280,AMD EPYC 7003 Series,SP3,DDR4,https://www.amd.com/en/product/10931,Server,,3200,10931
267,32,64,AMD EPYC 7543P,3/15/2021,,2800,3700,,,262144,225,AMD EPYC 7003 Series,SP3,DDR4,https://www.amd.com/en/product/10936,Server,,3200,10936
268,32,64,AMD EPYC 7543,3/15/2021,,2800,3700,,,262144,225,AMD EPYC 7003 Series,SP3,DDR4,https://www.amd.com/en/product/10941,Server,,3200,10941
269,32,64,AMD EPYC 7513,3/15/2021,,2600,3650,,,131072,200,AMD EPYC 7003 Series,SP3,DDR4,https://www.amd.com/en/product/10946,Server,,3200,10946
270,28,56,AMD EPYC 7453,3/15/2021,,2750,3450,,,65536,225,AMD EPYC 7003 Series,SP3,DDR4,https://www.amd.com/en/product/10951,Server,,3200,10951
271,24,48,AMD EPYC 74F3,3/15/2021,,3200,4000,,,262144,240,AMD EPYC 7003 Series,SP3,DDR4,https://www.amd.com/en/product/10956,Server,,3200,10956
272,24,48,AMD EPYC 7443P,3/15/2021,,2850,4000,,,131072,200,AMD EPYC 7003 Series,SP3,DDR4,https://www.amd.com/en/product/10961,Server,,3200,10961
273,24,48,AMD EPYC 7443,3/15/2021,,2850,4000,,,131072,200,AMD EPYC 7003 Series,SP3,DDR4,https://www.amd.com/en/product/10966,Server,,3200,10966
274,24,48,AMD EPYC 7413,3/15/2021,,2650,3600,,,131072,180,AMD EPYC 7003 Series,SP3,DDR4,https://www.amd.com/en/product/10971,Server,,3200,10971
275,16,32,AMD EPYC 73F3,3/15/2021,,3500,4000,,,262144,240,AMD EPYC 7003 Series,SP3,DDR4,https://www.amd.com/en/product/10976,Server,,3200,10976
276,16,32,AMD EPYC 7343,3/15/2021,,3200,3900,,,131072,190,AMD EPYC 7003 Series,SP3,DDR4,https://www.amd.com/en/product/10981,Server,,3200,10981
277,16,32,AMD EPYC 7313P,3/15/2021,,3000,3700,,,131072,155,AMD EPYC 7003 Series,SP3,DDR4,https://www.amd.com/en/product/10986,Server,,3200,10986
278,16,32,AMD EPYC 7313,3/15/2021,,3000,3700,,,131072,155,AMD EPYC 7003 Series,SP3,DDR4,https://www.amd.com/en/product/10991,Server,,3200,10991
279,4,4,A8-7670K with Radeon R7 Graphics and Near Silent Thermal Solution,,28,3600,3900,256,4096,,95,AMD A8-Series APU for Desktops,FM2+,DDR3,https://www.amd.com/en/product/6076,Boxed Processor,72.4,2133,6076
280,8,16,AMD EPYC 72F3,3/15/2021,,3700,4100,,,262144,180,AMD EPYC 7003 Series,SP3,DDR4,https://www.amd.com/en/product/10996,Server,,3200,10996
281,24,48,AMD EPYC 7F72,,,3200,3700,,,196608,240,AMD EPYC 7002 Series,SP3,DDR4,https://www.amd.com/en/product/9656,Server,,3200,9656
282,4,4,A8-7650K with Radeon R7 Series,,28,3300,3800,256,4096,,95,AMD A8-Series APU for Desktops,FM2+,DDR3,https://www.amd.com/en/product/5816,Boxed Processor,72.4,2133,5816
283,16,32,AMD EPYC 7F52,,,3500,3900,,,262144,240,AMD EPYC 7002 Series,SP3,DDR4,https://www.amd.com/en/product/9661,Server,,3200,9661
284,8,16,AMD EPYC 7F32,,,3700,3900,,,131072,180,AMD EPYC 7002 Series,SP3,DDR4,https://www.amd.com/en/product/9666,Server,,3200,9666
285,64,128,AMD EPYC 7H12,,,2600,3300,,,262144,280,AMD EPYC 7002 Series,SP3,DDR4,https://www.amd.com/en/product/9131,Server,,3200,9131
286,64,128,AMD EPYC 7742,,,2250,3400,,,262144,225,AMD EPYC 7002 Series,SP3,DDR4,https://www.amd.com/en/product/8761,Server,,3200,8761
287,4,4,A8-7650K with Radeon R7 Graphics and Near Silent Thermal Solution,,28,3300,3800,256,4096,,95,AMD A8-Series APU for Desktops,FM2+,DDR3,https://www.amd.com/en/product/6071,Boxed Processor,72.4,2133,6071
288,64,128,AMD EPYC 7702,,,2000,3350,,,262144,200,AMD EPYC 7002 Series,SP3,DDR4,https://www.amd.com/en/product/8766,Server,,3200,8766
289,4,4,A8-7600 with Radeon R7 Series,,28,3100,3800,256,4096,,65,AMD A8-Series APU for Desktops,FM2+,DDR3,https://www.amd.com/en/product/5811,Boxed Processor,71.3,2133,5811
290,64,128,AMD EPYC 7702P,,,2000,3350,,,262144,200,AMD EPYC 7002 Series,SP3,DDR4,https://www.amd.com/en/product/8771,Server,,3200,8771
291,4,4,A8-6600K with Radeon HD 8570D,,32,3900,4200,192,4096,,65,AMD A8-Series APU for Desktops,FM2,DDR3,https://www.amd.com/en/product/5481,Boxed Processor,74,1866,5481
292,64,128,AMD EPYC 7662,,,2000,3300,,,262144,225,AMD EPYC 7002 Series,SP3,DDR4,https://www.amd.com/en/product/8961,Server,,3200,8961
293,4,4,A8-6500 with Radeon HD 8570D,,32,3500,4100,192,4096,,65,AMD A8-Series APU for Desktops,FM2,DDR3,https://www.amd.com/en/product/5471,Boxed Processor,71.3,1866,5471
294,48,96,AMD EPYC 7642,,,2300,3300,,,262144,225,AMD EPYC 7002 Series,SP3,DDR4,https://www.amd.com/en/product/8786,Server,,3200,8786
295,48,96,AMD EPYC 7552,,,2200,3300,,,196608,200,AMD EPYC 7002 Series,SP3,DDR4,https://www.amd.com/en/product/8776,Server,,3200,8776
296,4,4,A8-6500T with Radeon HD 8550D,,32,2100,3100,192,4096,,45,AMD A8-Series APU for Desktops,FM2,DDR3,https://www.amd.com/en/product/5476,Boxed Processor,71.3,1866,5476
297,32,64,AMD EPYC 7542,,,2900,3400,,,131072,225,AMD EPYC 7002 Series,SP3,DDR4,https://www.amd.com/en/product/8781,Server,,3200,8781
298,32,64,AMD EPYC 7532,,,2400,3300,,,262144,200,AMD EPYC 7002 Series,SP3,DDR4,https://www.amd.com/en/product/8966,Server,,3200,8966
299,32,64,AMD EPYC 7502,,,2500,3350,,,131072,180,AMD EPYC 7002 Series,SP3,DDR4,https://www.amd.com/en/product/8791,Server,,3200,8791
300,32,64,AMD EPYC 7502P,,,2500,3350,,,131072,180,AMD EPYC 7002 Series,SP3,DDR4,https://www.amd.com/en/product/8796,Server,,3200,8796
301,32,64,AMD EPYC 7452,,,2350,3350,,,131072,155,AMD EPYC 7002 Series,SP3,DDR4,https://www.amd.com/en/product/8801,Server,,3200,8801
302,24,48,AMD EPYC 7402,,,2800,3350,,,131072,180,AMD EPYC 7002 Series,SP3,DDR4,https://www.amd.com/en/product/8816,Server,,3200,8816
303,24,48,AMD EPYC 7402P,,,2800,3350,,,131072,180,AMD EPYC 7002 Series,SP3,DDR4,https://www.amd.com/en/product/8811,Server,,3200,8811
304,24,48,AMD EPYC 7352,,,2300,3200,,,131072,155,AMD EPYC 7002 Series,SP3,DDR4,https://www.amd.com/en/product/8806,Server,,3200,8806
305,2,,A6-7470K with Radeon R5 Series,,28,3700,4000,256,1024,,65,AMD A6-Series APU for Desktops,FM2+,DDR3,https://www.amd.com/en/product/6091,Boxed Processor,71.3,2133,6091
306,2,2,A6-7400K with Radeon R5 Series,,28,3500,3900,128,1024,,65,AMD A6-Series APU for Desktops,FM2+,DDR3,https://www.amd.com/en/product/5781,Boxed Processor,70,1866,5781
307,16,32,AMD EPYC 7302,,,3000,3300,,,131072,155,AMD EPYC 7002 Series,SP3,DDR4,https://www.amd.com/en/product/8821,Server,,3200,8821
308,2,2,A6-6420K with Radeon HD 8470D,,32,4000,4200,96,1024,,65,AMD A6-Series APU for Desktops,FM2,DDR3,https://www.amd.com/en/product/5431,Boxed Processor,70,1866,5431
309,16,32,AMD EPYC 7302P,,,3000,3300,,,131072,155,AMD EPYC 7002 Series,SP3,DDR4,https://www.amd.com/en/product/8826,Server,,3200,8826
310,4,4,A6-6310 with Radeon R4 Graphics,,28,1800,2400,128,2048,,15,AMD A6-Series APU for Desktops,FT3b,DDR3,https://www.amd.com/en/product/5776,Desktop,90,1866,5776
311,16,32,AMD EPYC 7282,,,2800,3200,,,65536,120,AMD EPYC 7002 Series,SP3,DDR4,https://www.amd.com/en/product/8836,Server,,3200,8836
312,2,2,A6-6400K with Radeon HD 8470D,,32,3900,4100,96,1024,,65,AMD A6-Series APU for Desktops,FM2,DDR3,https://www.amd.com/en/product/5426,Boxed Processor,70,1866,5426
313,12,24,AMD EPYC 7272,,,2900,3200,,,65536,120,AMD EPYC 7002 Series,SP3,DDR4,https://www.amd.com/en/product/8831,Server,,3200,8831
314,8,16,AMD EPYC 7262,,,3200,3400,,,131072,155,AMD EPYC 7002 Series,SP3,DDR4,https://www.amd.com/en/product/8851,Server,,3200,8851
315,4,4,A6-5200 with Radeon HD 8400,,28,2000,,256,2048,,25,AMD A6-Series APU for Desktops,FT3,DDR3,https://www.amd.com/en/product/5771,Desktop,90,1600,5771
316,8,16,AMD EPYC 7252,,,3100,3200,,,65536,120,AMD EPYC 7002 Series,SP3,DDR4,https://www.amd.com/en/product/8846,Server,,3200,8846
317,8,16,AMD EPYC 7232P,,,3100,3200,,,32768,120,AMD EPYC 7002 Series,SP3,DDR4,https://www.amd.com/en/product/8841,Server,,3200,8841
318,32,64,AMD EPYC 7601,,,2200,3200,,,65536,180,AMD EPYC 7001 Series,SP3,DDR4,https://www.amd.com/en/product/1951,Server,,2666,1951
319,32,64,AMD EPYC 7551P,,,2000,3000,,,65536,180,AMD EPYC 7001 Series,SP3,DDR4,https://www.amd.com/en/product/1961,Server,,2666,1961
320,32,64,AMD EPYC 7551,,,2000,3000,,,65536,180,AMD EPYC 7001 Series,SP3,DDR4,https://www.amd.com/en/product/1956,Server,,2666,1956
321,32,64,AMD EPYC 7501,,,2000,3000,,,65536,155,AMD EPYC 7001 Series,SP3,DDR4,https://www.amd.com/en/product/1966,Server,,2400,1966
322,2,2,A4-7300 with Radeon HD 8470D,,32,3800,4000,96,1024,,65,AMD A4-Series APU for Desktops,FM2,DDR3,https://www.amd.com/en/product/5401,Desktop,70,1600,5401
323,24,48,AMD EPYC 7451,,,2300,3200,,,65536,180,AMD EPYC 7001 Series,SP3,DDR4,https://www.amd.com/en/product/1971,Server,,2666,1971
324,2,2,A4-6320 with Radeon HD 8370D,,32,3800,4000,96,1024,,65,AMD A4-Series APU for Desktops,FM2,DDR3,https://www.amd.com/en/product/5396,Boxed Processor,70,1600,5396
325,24,48,AMD EPYC 7401P,,,2000,3000,,,65536,155,AMD EPYC 7001 Series,SP3,DDR4,https://www.amd.com/en/product/1981,Server,,2400,1981
326,24,48,AMD EPYC 7401,,,2000,3000,,,65536,155,AMD EPYC 7001 Series,SP3,DDR4,https://www.amd.com/en/product/1976,Server,,2400,1976
327,2,2,A4-6300 with Radeon HD 8370D,,32,3700,3900,96,1024,,65,AMD A4-Series APU for Desktops,FM2,DDR3,https://www.amd.com/en/product/5391,Boxed Processor,70,1600,5391
328,16,32,AMD EPYC 7371,,,3100,3800,,,65536,200,AMD EPYC 7001 Series,SP3,DDR4,https://www.amd.com/en/product/8386,Server,,2666,8386
329,16,32,AMD EPYC 7351P,,,2400,2900,,,65536,155,AMD EPYC 7001 Series,SP3,DDR4,https://www.amd.com/en/product/1991,Server,,2400,1991
330,16,32,AMD EPYC 7351,,,2400,2900,,,65536,155,AMD EPYC 7001 Series,SP3,DDR4,https://www.amd.com/en/product/1986,Server,,2400,1986
331,16,32,AMD EPYC 7301,,,2200,2700,,,65536,155,AMD EPYC 7001 Series,SP3,DDR4,https://www.amd.com/en/product/1996,Server,,2400,1996
332,4,4,A4-5100 with Radeon HD 8330,,28,1550,,256,2048,,15,AMD A4-Series APU for Desktops,FT3,DDR3,https://www.amd.com/en/product/5731,Desktop,90,1600,5731
333,16,32,AMD EPYC 7281,,,2100,2700,,,32768,155,AMD EPYC 7001 Series,SP3,DDR4,https://www.amd.com/en/product/2001,Server,,2400,2001
334,4,4,A4-5000 with Radeon HD 8330,,28,1500,,256,2048,,15,AMD A4-Series APU for Desktops,FT3,DDR3,https://www.amd.com/en/product/5726,Desktop,90,1600,5726
335,8,16,AMD EPYC 7261,,,2500,2900,,,65536,155,AMD EPYC 7001 Series,SP3,DDR4,https://www.amd.com/en/product/7791,Server,,2400,7791
336,8,16,AMD EPYC 7251,,,2100,2900,,,32768,120,AMD EPYC 7001 Series,SP3,DDR4,https://www.amd.com/en/product/2006,Server,,2400,2006
337,8,8,FX-9590,,32,4700,5000,384,8192,8192,220,AMD FX 8-Core Black Edition Processors,AM3+,DDR3,https://www.amd.com/en/product/1481,Boxed Processor,57,1866,1481
338,8,8,FX-9370,,32,4400,4700,384,8192,8192,220,AMD FX 8-Core Black Edition Processors,AM3+,DDR3,https://www.amd.com/en/product/1476,Boxed Processor,57,1866,1476
339,8,8,FX-8370 with Wraith cooler,,32,4000,4300,384,8192,8192,125,AMD FX 8-Core Black Edition Processors,AM3+,DDR3,https://www.amd.com/en/product/1466,Boxed Processor,61.1,1866,1466
340,8,8,FX-8370E,,32,3300,4300,384,8192,8192,95,AMD FX 8-Core Black Edition Processors,AM3+,DDR3,https://www.amd.com/en/product/1471,Boxed Processor,70.5,1866,1471
341,4,4,A10-7400P with Radeon R6 Graphics,,28,2500,3400,,4096,,35,AMD A10-Series APU for Laptops,FP3,DDR3/DDR3L,https://www.amd.com/en/product/5716,Laptop,,1866,5716
342,8,8,FX-8370,,32,4000,4300,384,8192,8192,125,AMD FX 8-Core Black Edition Processors,AM3+,DDR3,https://www.amd.com/en/product/1461,Boxed Processor,61.1,1866,1461
343,4,4,A10-7300 with Radeon R6 Graphics,,28,1900,3200,,4096,,20,AMD A10-Series APU for Laptops,FP3,Not Listed,https://www.amd.com/en/product/5711,Laptop,,,5711
344,8,8,FX-8350 with Wraith cooler,,32,4000,4200,384,8192,8192,125,AMD FX 8-Core Black Edition Processors,AM3+,DDR3,https://www.amd.com/en/product/1456,Boxed Processor,61,1866,1456
345,8,8,FX-8350,,32,4000,4200,384,8192,8192,125,AMD FX 8-Core Black Edition Processors,AM3+,DDR3,https://www.amd.com/en/product/1451,Boxed Processor,61,1866,1451
346,4,4,A10 Micro-6700T with Radeon R6 Graphics,,28,2200,,,2048,,4.5,AMD A10-Series APU for Laptops,FT3b,DDR3L,https://www.amd.com/en/product/5721,"Laptop, Tablet",,1333,5721
347,8,8,FX-8320E,,32,3200,4000,384,8192,8192,95,AMD FX 8-Core Black Edition Processors,AM3+,DDR3,https://www.amd.com/en/product/1446,Boxed Processor,70.5,1866,1446
348,8,8,FX-8320,,32,3500,4000,384,8192,8192,125,AMD FX 8-Core Black Edition Processors,AM3+,DDR3,https://www.amd.com/en/product/1441,Boxed Processor,61.1,1866,1441
349,8,8,FX-8310,,32,3400,4300,,8192,,95,AMD FX 8-Core Black Edition Processors,AM3+,Not Listed,https://www.amd.com/en/product/1436,Boxed Processor,70.5,,1436
350,8,8,FX-8300,,32,3300,4200,384,8192,8192,95,AMD FX 8-Core Black Edition Processors,AM3+,DDR3,https://www.amd.com/en/product/1431,Boxed Processor,70.5,1866,1431
351,8,8,FX-8150,,32,3600,4200,384,8192,8192,125,AMD FX 8-Core Black Edition Processors,AM3+,DDR3,https://www.amd.com/en/product/1426,Boxed Processor,61,,1426
352,8,8,FX-8120,,32,3100,4000,384,8192,8192,125,AMD FX 8-Core Black Edition Processors,AM3+,Not Listed,https://www.amd.com/en/product/1421,Boxed Processor,61,,1421
353,4,4,A8-7410 with Radeon R5 Graphics,,28,2200,2500,,2048,,15,AMD A8-Series APU for Laptops,FP4,DDR3L,https://www.amd.com/en/product/5956,Laptop,90,1866,5956
354,6,6,FX-6350 with Wraith cooler,,32,3900,4200,288,6144,8192,125,AMD FX 6-Core Black Edition Processors,AM3+,DDR3,https://www.amd.com/en/product/1416,Boxed Processor,61,1866,1416
355,4,4,A8-7200P with Radeon R5 Graphics,,28,2400,3300,,4096,,100,AMD A8-Series APU for Laptops,FP3,DDR3,https://www.amd.com/en/product/5826,Laptop,,1866,5826
356,6,6,FX-6350,,32,3900,4200,288,6144,8192,125,AMD FX 6-Core Black Edition Processors,AM3+,DDR3,https://www.amd.com/en/product/1411,Boxed Processor,61,1866,1411
357,4,4,A8-7100 with Radeon R5 Graphics,,28,1800,3000,,4096,,20,AMD A8-Series APU for Laptops,FP3,DDR3,https://www.amd.com/en/product/5821,Laptop,,1600,5821
358,4,4,A8-6410 with Radeon R5 Graphics,,28,2000,2400,,2048,,15,AMD A8-Series APU for Laptops,FT3b,DDR3L,https://www.amd.com/en/product/5936,Laptop,90,1866,5936
359,6,6,FX-6300,,32,3500,3800,288,6144,8192,95,AMD FX 6-Core Black Edition Processors,AM3+,DDR3,https://www.amd.com/en/product/1926,Boxed Processor,70.5,1866,1926
360,6,6,FX-6200,,32,3800,4100,288,6144,8192,125,AMD FX 6-Core Black Edition Processors,AM3+,DDR3,https://www.amd.com/en/product/1406,Boxed Processor,61.1,1866,1406
361,6,6,FX 6100,,32,3300,3900,288,6144,8192,95,AMD FX 6-Core Black Edition Processors,AM3+,DDR3,https://www.amd.com/en/product/1401,Boxed Processor,70,1866,1401
362,4,4,FX-4350,,32,4200,4300,192,4096,8192,125,AMD FX 4-Core Black Edition Processors,AM3+,DDR3,https://www.amd.com/en/product/1396,Boxed Processor,61.1,1866,1396
363,4,4,FX-4320,,32,4000,4100,192,4096,4096,95,AMD FX 4-Core Black Edition Processors,AM3+,DDR3,https://www.amd.com/en/product/1931,Boxed Processor,70.5,1866,1931
364,4,4,FX-4300,,32,3800,4000,192,4096,4096,95,AMD FX 4-Core Black Edition Processors,AM3+,DDR3,https://www.amd.com/en/product/1391,Boxed Processor,70.5,1866,1391
365,4,4,FX-4170,,32,4200,4300,192,4096,8192,125,AMD FX 4-Core Black Edition Processors,AM3+,Not Listed,https://www.amd.com/en/product/1386,Boxed Processor,61.1,,1386
366,4,4,FX-4130,,32,3800,3900,192,4096,4096,125,AMD FX 4-Core Black Edition Processors,AM3,DDR3,https://www.amd.com/en/product/1381,Boxed Processor,70,1866,1381
367,4,4,FX-4100,,32,3600,3800,192,4096,8192,95,AMD FX 4-Core Black Edition Processors,AM3+,DDR3,https://www.amd.com/en/product/1376,Boxed Processor,70.5,1866,1376
368,6,6,1075T,,,3500,,768,3072,6144,95,AMD Phenom II X6,AM3,DDR3,https://www.amd.com/en/product/1691,Boxed Processor,,,1691
369,,,1045T,,,2700,3200,768,3072,6144,95,AMD Phenom II X6,AM3,Not Listed,https://www.amd.com/en/product/1686,Boxed Processor,71,,1686
370,4,4,980,,,3700,,512,2048,6144,125,AMD Phenom II X4 Black,AM3,DDR3,https://www.amd.com/en/product/1911,Boxed Processor,,,1911
371,2,2,A6-8500P with Radeon R5 Graphics,,28,1600,3000,,1024,,15,AMD A6-Series APU for Laptops,FP4,Not Listed,https://www.amd.com/en/product/5931,Laptop,90,,5931
372,4,4,A6-7310 with Radeon R4 Graphics,,28,2000,2400,,2048,,15,AMD A6-Series APU for Laptops,FT3b,DDR3L,https://www.amd.com/en/product/5941,Laptop,90,1866,5941
373,4,4,975,,45,3600,,512,2048,6144,125,AMD Phenom II X4 Black,AM3,DDR3,https://www.amd.com/en/product/1906,Boxed Processor,62,,1906
374,4,4,A6-7310 with Radeon R4 Graphics,,28,2000,2400,,2048,,15,AMD A6-Series APU for Laptops,FP4,DDR3L,https://www.amd.com/en/product/5961,Laptop,90,1866,5961
375,4,4,965,,,3400,,,2048,,80,AMD Phenom II X4 Black,AM3,Not Listed,https://www.amd.com/en/product/1671,Boxed Processor,,,1671
376,2,2,A6-7000 with Radeon R4 Graphics,,28,2200,3000,,1024,,17,AMD A6-Series APU for Laptops,FT3,Not Listed,https://www.amd.com/en/product/5796,Laptop,,,5796
377,4,4,960T,,,3000,3400,512,512,,95,AMD Phenom II X4 Black,AM3,Not Listed,https://www.amd.com/en/product/1666,Boxed Processor,71,,1666
378,4,4,A6-6310 with Radeon R4 Graphics,,28,2400,,,2048,,15,AMD A6-Series APU for Laptops,FT3b,DDR3L,https://www.amd.com/en/product/5791,Laptop,,1865,5791
379,4,4,850,,,3300,,512,2048,,95,AMD Phenom II X4,AM3,Not Listed,https://www.amd.com/en/product/1681,Boxed Processor,,,1681
380,4,4,840,,,3200,,512,2048,,95,AMD Phenom II X4,AM3,DDR3,https://www.amd.com/en/product/1676,Boxed Processor,71,,1676
381,2,2,A6-5350M with Radeon HD 8450G,,32,2900,3500,,2048,,35,AMD A6-Series APU for Laptops,FS1r2,DDR3,https://www.amd.com/en/product/5451,Laptop,,1600,5451
382,2,2,570,,,4000,,,,6144,80,AMD Phenom II X2 Black,AM3,DDR3,https://www.amd.com/en/product/1661,Boxed Processor,,,1661
383,2,2,565,,45,3400,,0,1024,,80,AMD Phenom II X2 Black,AM3,Not Listed,https://www.amd.com/en/product/1936,Boxed Processor,,,1936
384,4,4,A6-5200M with Radeon HD 8400,,28,2000,,,2048,,25,AMD A6-Series APU for Laptops,FT3,Not Listed,https://www.amd.com/en/product/5786,Laptop,,,5786
385,2,2,555,,,3200,,,1024,,80,AMD Phenom II X2 Black,AM3,Not Listed,https://www.amd.com/en/product/1651,Boxed Processor,,,1651
386,2,2,565,,,3400,,256,1024,6144,80,AMD Phenom II X2,AM3,DDR3,https://www.amd.com/en/product/1901,Boxed Processor,70,,1901
387,4,4,X940,,,2400,,512,2048,,45,AMD Phenom II Black Edition Quad-Core Mobile Processors,S1,DDR3,https://www.amd.com/en/product/1611,Laptop,100,,1611
388,4,4,N970,,,2200,,512,2048,,35,AMD Phenom II Quad-Core Mobile Processors,S1,DDR3,https://www.amd.com/en/product/1636,Laptop,100,,1636
389,4,4,N960,,,1800,,512,2048,,35,AMD Phenom II Quad-Core Mobile Processors,S1,DDR3,https://www.amd.com/en/product/1631,Laptop,100,,1631
390,3,3,N870,,,2300,,384,1536,,35,AMD Phenom II Triple-Core Mobile Processors,AM2+,DDR3,https://www.amd.com/en/product/1641,Laptop,100,,1641
391,3,3,P860,,,2000,,384,1536,,35,AMD Phenom II Triple-Core Mobile Processors,AM2+,DDR3,https://www.amd.com/en/product/1646,Laptop,100,,1646
392,2,2,N660,,,3000,,256,2048,,35,AMD Phenom II Dual-Core Mobile Processors,S1,DDR3,https://www.amd.com/en/product/1621,Laptop,100,,1621
393,4,4,A4-7210 with Radeon R3 Graphics,,28,1800,2200,,2048,,65,AMD A4-Series APU for Laptops,FT3b,DDR3L,https://www.amd.com/en/product/5946,Laptop,90,1600,5946
394,2,2,P650,,,2600,,256,2048,,35,AMD Phenom II Dual-Core Mobile Processors,S1,DDR3,https://www.amd.com/en/product/1626,Laptop,100,,1626
395,4,4,A4 Micro-6400T with Radeon R3 Graphics,,28,1600,,,2048,,4.5,AMD A4-Series APU for Laptops,FT3b,DDR3L,https://www.amd.com/en/product/5801,"Laptop, Tablet",,1333,5801
396,2,2,N640,,,2800,,256,2048,,35,AMD Phenom II Dual-Core Mobile Processors,S1,Not Listed,https://www.amd.com/en/product/1616,Laptop,100,,1616
397,4,4,A4-6210 with Radeon R3 Graphics,,28,1800,,,2048,,15,AMD A4-Series APU for Laptops,FT3b,DDR3L,https://www.amd.com/en/product/5746,Laptop,,1599,5746
398,4,4,B99,,,3300,,,2048,,95,AMD Business Class - AMD Phenom X4 Quad-Core,AM3,Not Listed,https://www.amd.com/en/product/1606,Desktop,,,1606
399,4,4,B97,,,3200,,,2048,,95,AMD Business Class - AMD Phenom X4 Quad-Core,AM3,Not Listed,https://www.amd.com/en/product/1601,Desktop,,,1601
400,,,B95,,,3000,,,2048,,95,AMD Business Class - AMD Phenom X4 Quad-Core,AM3,Not Listed,https://www.amd.com/en/product/1596,Desktop,,,1596
401,4,4,A4-5100 with Radeon HD 8330,,28,1550,,,2048,,15,AMD A4-Series APU for Laptops,FT3,Not Listed,https://www.amd.com/en/product/5741,"Laptop, Tablet",,,5741
402,3,3,B77,,,3200,,,1536,,95,AMD Business Class - AMD Phenom X3 Triple-Core,AM3,Not Listed,https://www.amd.com/en/product/1591,Desktop,,,1591
403,4,4,A4-5000 with Radeon HD 8330,,28,1500,,,2048,,15,AMD A4-Series APU for Laptops,FT3,Not Listed,https://www.amd.com/en/product/5766,"Laptop, Tablet",,,5766
404,3,3,B75,,,3000,,,1536,,95,AMD Business Class - AMD Phenom X3 Triple-Core,AM3,Not Listed,https://www.amd.com/en/product/1586,Desktop,,,1586
405,2,2,B60,,,3500,,,1024,,80,AMD Business Class - AMD Phenom X2 Dual-Core,AM3,Not Listed,https://www.amd.com/en/product/1581,Desktop,,,1581
406,2,2,B59,,,3400,,,1024,,80,AMD Business Class - AMD Phenom X2 Dual-Core,AM3,Not Listed,https://www.amd.com/en/product/1576,Desktop,,,1576
407,2,2,B57,,,3200,,,1024,,80,AMD Business Class - AMD Phenom X2 Dual-Core,AM3,Not Listed,https://www.amd.com/en/product/1571,Desktop,,,1571
408,4,4,641,,32,2800,,512,4096,,100,AMD Athlon II X4,FM1 uPGA,Not Listed,https://www.amd.com/en/product/1326,Boxed Processor,70.1,,1326
409,4,4,638,,32,2700,,512,4096,,65,AMD Athlon II X4,FM1 uPGA,Not Listed,https://www.amd.com/en/product/1321,Boxed Processor,70.1,,1321
410,4,4,631,,32,2600,,,4096,,100,AMD Athlon II X4,FM1 uPGA,Not Listed,https://www.amd.com/en/product/1311,Boxed Processor,70.1,,1311
411,4,4,631,,32,2600,,,4096,,65,AMD Athlon II X4,FM1 uPGA,Not Listed,https://www.amd.com/en/product/1316,Boxed Processor,,,1316
412,4,4,620e,,,2700,,,,,45,AMD Athlon II X4,AM3,DDR3,https://www.amd.com/en/product/1306,Boxed Processor,,,1306
413,3,3,460,,,3400,,384,1536,,95,AMD Athlon II X3,AM3,DDR3,https://www.amd.com/en/product/1301,Boxed Processor,75,,1301
414,3,3,425e,,,2700,,384,1536,,45,AMD Athlon II X3,AM3,DDR3,https://www.amd.com/en/product/1296,Boxed Processor,,,1296
415,2,2,255e,,,3100,,256,2048,,45,AMD Athlon II X2,AM3,DDR3,https://www.amd.com/en/product/1291,Boxed Processor,72,,1291
416,4,4,A10-8700P with Radeon R6 Graphics,,28,1800,3200,,2048,,,AMD A10-Series APU for AIOs,FP4,DDR3,https://www.amd.com/en/product/5981,All-in-One,90,2133,5981
417,4,4,7th Gen AMD Athlon X4 970,7/27/2017,28,3800,4000,,2048,,65,AMD Athlon X4,AM4,DDR4,https://www.amd.com/en/product/2071,Boxed Processor,,2400,2071
418,4,4,A8-8600P with Radeon R6 Graphics,,28,1600,3000,,2048,,,AMD A8-Series APU for AIOs,FP4,DDR3,https://www.amd.com/en/product/5986,All-in-One,90,2133,5986
419,4,4,7th Gen AMD Athlon X4 950,7/27/2017,28,3500,3800,,2048,,,AMD Athlon X4,AM4,DDR4,https://www.amd.com/en/product/2076,Boxed Processor,,2400,2076
420,4,4,A8-6410 with Radeon R5 Graphics,,28,2200,2500,,2048,,,AMD A8-Series APU for AIOs,FT3b,DDR3L,https://www.amd.com/en/product/5996,All-in-One,90,1866,5996
421,4,4,7th Gen AMD Athlon X4 940,7/27/2017,28,3200,3600,,2048,,,AMD Athlon X4,AM4,DDR4,https://www.amd.com/en/product/2081,Boxed Processor,,2400,2081
422,2,2,A6-8500P with Radeon R5 Graphics,,28,1600,3000,,1024,,,AMD A6-Series APU for AIOs,FP4,Not Listed,https://www.amd.com/en/product/5991,All-in-One,90,,5991
423,4,,880K with Near Silent Thermal Solution,,28,4000,4200,256,4096,,95,AMD Athlon X4,FM2+,DDR3,https://www.amd.com/en/product/1371,Boxed Processor,72.4,2133,1371
424,4,4,A6-7310 with Radeon R4 Graphics,,28,2000,2400,,2048,,,AMD A6-Series APU for AIOs,FP4,DDR3L,https://www.amd.com/en/product/6001,All-in-One,90,1866,6001
425,4,4,A4-7210 with Radeon R3 Graphics,,28,1800,2200,,2048,,65,AMD A4-Series APU for AIOs,FP4,DDR3L,https://www.amd.com/en/product/6006,All-in-One,90,1600,6006
426,4,4,870K with Near Silent Thermal Solution,,28,3900,4100,128,4096,,95,AMD Athlon X4,FM2+,DDR3,https://www.amd.com/en/product/1366,Boxed Processor,72.4,2133,1366
427,4,4,A10-6800B with Radeon HD 8670D,,32,4100,4400,192,4096,,45,AMD Business Class - Quad-Core A10-Series APU for Desktops,FM2,DDR3,https://www.amd.com/en/product/5626,Desktop,74,2133,5626
428,4,4,860K,,28,3700,4000,128,4096,,95,AMD Athlon X4,FM2+,DDR3,https://www.amd.com/en/product/1356,Desktop,72.4,2133,1356
429,4,4,A10-6790B with Radeon HD 8670D,,32,4000,4300,192,4096,,45,AMD Business Class - Quad-Core A10-Series APU for Desktops,FM2,DDR3,https://www.amd.com/en/product/5631,Desktop,74,1866,5631
430,4,4,860K with Near Silent Thermal Solution,,28,3700,4000,128,4096,,95,AMD Athlon X4,FM2+,DDR3,https://www.amd.com/en/product/1361,Boxed Processor,72.4,2133,1361
431,4,4,845 with Near Silent Thermal Solution,,28,3500,3800,,2048,,,AMD Athlon X4,FM2+,DDR3,https://www.amd.com/en/product/1351,Boxed Processor,71.3,2133,1351
432,4,4,A8-6500B with Radeon HD 8570D,,32,3500,4100,192,4096,,65,AMD Business Class - Quad-Core A8-Series APU for Desktops,FM2,DDR3,https://www.amd.com/en/product/5531,Desktop,71.3,1866,5531
433,4,4,760K,,32,3800,4100,,4096,,100,AMD Athlon X4,FM2,Not Listed,https://www.amd.com/en/product/1346,Boxed Processor,,,1346
434,4,,750,,,3400,4000,192,4096,,65,AMD Athlon X4,FM2,DDR3,https://www.amd.com/en/product/1336,Boxed Processor,71.3,1866,1336
435,2,2,A6-6420B with Radeon HD 8470D,,32,4000,4200,96,1024,,65,AMD Business Class - Dual-Core A6-Series APU for Desktops,FM2,DDR3,https://www.amd.com/en/product/5521,Desktop,70,1866,5521
436,4,4,750K,,32,3400,4000,,4096,,100,AMD Athlon X4,FM2,Not Listed,https://www.amd.com/en/product/1341,Boxed Processor,,,1341
437,4,4,740,,32,3200,3700,,4096,,65,AMD Athlon X4,FM2,Not Listed,https://www.amd.com/en/product/1331,Boxed Processor,,,1331
438,2,2,A6-6400B with Radeon HD 8470D,,32,3900,4100,96,1024,,65,AMD Business Class - Dual-Core A6-Series APU for Desktops,FM2,DDR3,https://www.amd.com/en/product/5516,Desktop,70,1866,5516
439,,,2800+,,65,56,,,,,45,AMD Sempron,939,Not Listed,https://www.amd.com/en/product/1916,Desktop,70,,1916
440,4,4,X1150,,28,2000,,,2048,,17,AMD Opteron X1100 Series Processors,FT3,DDR3,https://www.amd.com/en/product/1566,Server,70,800,1566
441,16,16,6386 SE,,32,2800,3500,48,16384,16384,140,AMD Opteron 6300 Series Processor,G34,DDR3,https://www.amd.com/en/product/1896,Server,64.4,2000,1896
442,16,16,6380,,32,2500,3400,768,16384,16384,115,AMD Opteron 6300 Series Processor,G34,DDR3,https://www.amd.com/en/product/1891,Server,69,2000,1891
443,4,4,A10 PRO-7850B with Radeon R7 Graphics,,28,3700,4000,256,4096,,95,AMD PRO A-Series A10 APU for Desktops,FM2+,DDR3,https://www.amd.com/en/product/5636,Desktop,72.4,2133,5636
444,16,16,6378,,32,2400,3300,768,16384,16384,115,AMD Opteron 6300 Series Processor,G34,DDR3,https://www.amd.com/en/product/1886,Server,69,2000,1886
445,4,4,A10 PRO-7800B with Radeon R7 Graphics,,28,3500,3900,256,4096,,65,AMD PRO A-Series A10 APU for Desktops,FM2+,DDR3,https://www.amd.com/en/product/5661,Desktop,71.3,2133,5661
446,16,16,6376,,32,2300,2000,768,16384,16384,115,AMD Opteron 6300 Series Processor,G34,DDR3,https://www.amd.com/en/product/1881,Server,69,2000,1881
447,4,4,A8 PRO-7600B with Radeon R7 Graphics,,28,3100,3800,,4096,,65,AMD PRO A-Series A8 APU for Desktops,FM2+,DDR3,https://www.amd.com/en/product/5676,Desktop,71.3,2133,5676
448,16,16,6370P,,32,2000,2500,48,16384,16384,99,AMD Opteron 6300 Series Processor,G34,DDR3,https://www.amd.com/en/product/1876,Server,69,2000,1876
449,2,2,A6 PRO-7400B with Radeon R5 Graphics,,28,3500,3900,,1024,,65,AMD PRO A-Series A6 APU for Desktops,FM2+,DDR3,https://www.amd.com/en/product/5671,Desktop,70,1866,5671
450,16,16,6366 HE,,32,1800,3100,768,16384,16384,85,AMD Opteron 6300 Series Processor,G34,DDR3,https://www.amd.com/en/product/1871,Server,65,1800,1871
451,2,2,A4 PRO-7350B with Radeon R5 Graphics,,28,3400,3800,,1024,,65,AMD PRO A-Series A4 APU for Desktops,FM2+,DDR3,https://www.amd.com/en/product/5666,Desktop,70,1866,5666
452,12,12,6348,,32,2800,3400,576,12288,16384,115,AMD Opteron 6300 Series Processor,G34,DDR3,https://www.amd.com/en/product/1866,Server,70.4,2000,1866
453,12,12,6344,,32,2600,2000,576,12288,16384,115,AMD Opteron 6300 Series Processor,G34,DDR3,https://www.amd.com/en/product/1861,Server,70.4,2000,1861
454,2,2,A4 PRO-7300B with Radeon HD 8470D,,32,3800,4000,96,1024,,65,AMD PRO A-Series A4 APU for Desktops,FM2,DDR3,https://www.amd.com/en/product/5641,Desktop,70,1600,5641
455,12,12,6338P,,32,2300,2800,48,12288,16384,99,AMD Opteron 6300 Series Processor,G34,DDR3,https://www.amd.com/en/product/1856,Server,69,2000,1856
456,4,4,A10 PRO-7350B with Radeon R6 Graphics,,28,2100,3300,,4096,,19,AMD PRO A-Series A10 APU for Laptops,FP3,DDR3/DDR3L,https://www.amd.com/en/product/5891,Laptop,,1600,5891
457,4,4,A8 PRO-7150B with Radeon R5 Graphics,,28,1900,3200,,4096,,100,AMD PRO A-Series A8 APU for Laptops,FP3,DDR3/DDR3L,https://www.amd.com/en/product/5901,Laptop,,1600,5901
458,8,8,6328,,32,3200,3800,384,8192,16384,115,AMD Opteron 6300 Series Processor,G34,DDR3,https://www.amd.com/en/product/1851,Server,71.7,2000,1851
459,2,2,A6 PRO-7050B with Radeon R4 Graphics,,28,2200,3000,,1024,,100,AMD PRO A-Series A6 APU for Laptops,FP3,DDR3/DDR3L,https://www.amd.com/en/product/5896,Laptop,,1600,5896
460,8,8,6320,,32,2800,3300,384,8192,16384,115,AMD Opteron 6300 Series Processor,G34,DDR3,https://www.amd.com/en/product/1846,Server,71.7,2000,1846
461,4,4,A4 PRO-3350B with Radeon R4 Graphics,Q2 2016,28,2000,2400,,2048,,15,AMD PRO A-Series A4 APU for Laptops,FT3b,DDR3,https://www.amd.com/en/product/6111,Laptop,90,1600,6111
462,4,4,6308,,32,3500,,192,4096,16384,115,AMD Opteron 6300 Series Processor,G34,DDR3,https://www.amd.com/en/product/1841,Server,74.4,2000,1841
463,4,4,A4 PRO-3340B with Radeon HD 8240 Graphics,,28,2200,,,2048,,25,AMD PRO A-Series A4 APU for Laptops,FT3,DDR3/DDR3L,https://www.amd.com/en/product/6021,Laptop,,1600,6021
464,16,16,6284 SE,,32,2700,3400,768,16384,16384,140,AMD Opteron 6200 Series Processor,G34,DDR3,https://www.amd.com/en/product/1836,Server,64.4,2000,1836
465,2,4,AMD Athlon 3000G,,14,3500,,192,1024,4096,35,AMD Athlon Desktop Processors with Radeon Graphics,AM4,,https://www.amd.com/en/product/8956,Boxed Processor,95,2667,8956
466,16,16,6282 SE,,32,2600,3300,768,16384,16384,140,AMD Opteron 6200 Series Processor,G34,DDR3,https://www.amd.com/en/product/1561,Server,64.4,2000,1561
467,4,4,FX-7600P with Radeon R7 Graphics,,28,2700,3600,,4096,,35,AMD FX-Series Processors for Laptops,FP3,DDR3,https://www.amd.com/en/product/5886,Laptop,,2133,5886
468,2,4,AMD Athlon 240GE,,14,3500,,192,1024,4096,35,AMD Athlon Desktop Processors with Radeon Vega Graphics,AM4,,https://www.amd.com/en/product/8331,Desktop,95,2667,8331
469,16,16,6278,,32,2400,3300,768,16384,16384,115,AMD Opteron 6200 Series Processor,G34,DDR3,https://www.amd.com/en/product/1831,Server,69,2000,1831
470,4,4,FX-7500 with Radeon R7 Graphics,,28,2100,3300,,4096,,20,AMD FX-Series Processors for Laptops,FP3,DDR3,https://www.amd.com/en/product/5881,Laptop,,1600,5881
471,4,4,FX-8800P with Radeon R7 Graphics,,28,2100,3400,,2048,,,AMD FX-Series Processors for AIOs,FP4,DDR3,https://www.amd.com/en/product/5976,All-in-One,90,2133,5976
472,16,16,6276,,32,2300,3200,768,16384,16384,115,AMD Opteron 6200 Series Processor,G34,DDR3,https://www.amd.com/en/product/1556,Server,69,2000,1556
473,2,4,AMD Athlon 220GE,,14,3400,,192,1024,4096,35,AMD Athlon Desktop Processors with Radeon Vega Graphics,AM4,,https://www.amd.com/en/product/8326,Boxed Processor,95,2667,8326
474,2,4,AMD Athlon 200GE,,14,3200,,192,1024,4096,35,AMD Athlon Desktop Processors with Radeon Vega Graphics,AM4,,https://www.amd.com/en/product/8206,Boxed Processor,95,2667,8206
475,4,4,Athlon 5370 APU with Radeon R3 Series,,28,2200,,256,2048,,25,AMD Athlon Quad-Core APU,AM1,DDR3,https://www.amd.com/en/product/6096,Desktop,76,1600,6096
476,16,16,6274,,32,2200,3100,768,16384,16384,115,AMD Opteron 6200 Series Processor,G34,DDR3,https://www.amd.com/en/product/1551,Server,69,2000,1551
477,16,16,6272,,32,2100,3000,768,16384,16384,115,AMD Opteron 6200 Series Processor,G34,DDR3,https://www.amd.com/en/product/1546,Server,69,2000,1546
478,4,4,Athlon 5350 APU with Radeon R3 Series,,28,2050,,256,2048,,25,AMD Athlon Quad-Core APU,AM1,DDR3,https://www.amd.com/en/product/5836,Boxed Processor,76,1600,5836
479,2,4,AMD Athlon PRO 200U Mobile Processor with Radeon Vega 3 Graphics,,14,2300,3200,192,1024,4096,15,AMD Athlon PRO Mobile Processors with Radeon Vega Graphics,FP5,,https://www.amd.com/en/product/8201,Laptop,105,2400,8201
480,16,16,6262 HE,,32,1600,2900,768,16384,16384,85,AMD Opteron 6200 Series Processor,G34,DDR3,https://www.amd.com/en/product/1826,Server,65,1800,1826
481,4,4,Athlon 5150 APU with Radeon R3 Series,,28,1600,,256,2048,,25,AMD Athlon Quad-Core APU,AM1,DDR3,https://www.amd.com/en/product/5831,Boxed Processor,76,1600,5831
482,2,4,AMD Athlon PRO 200GE,,14,3200,,192,1024,4096,35,AMD Athlon PRO Desktop Processors with Radeon Vega Graphics,AM4,,https://www.amd.com/en/product/8211,Desktop,95,2667,8211
483,12,12,6238,,32,2600,3200,576,12288,16384,115,AMD Opteron 6200 Series Processor,G34,DDR3,https://www.amd.com/en/product/1541,Server,70.4,2000,1541
484,4,4,Sempron 3850 APU with Radeon R3 Series,,28,1300,,256,2048,,25,AMD Sempron Quad-Core APU,AM1,DDR3,https://www.amd.com/en/product/5911,Boxed Processor,90,1600,5911
485,12,12,6234,,32,2400,3000,576,12288,16384,115,AMD Opteron 6200 Series Processor,G34,DDR3,https://www.amd.com/en/product/1821,Server,70.4,2000,1821
486,2,2,Sempron 2650 APU with Radeon R3 Series,,28,1450,,128,1024,,25,AMD Sempron Dual-Core APU,AM1,DDR3,https://www.amd.com/en/product/5906,Boxed Processor,90,1333,5906
487,8,8,6220,,32,3000,3600,384,8192,16384,115,AMD Opteron 6200 Series Processor,G34,DDR3,https://www.amd.com/en/product/1816,Server,71.7,2000,1816
488,4,4,E2-7110 with Radeon R2 Graphics,,28,1800,1800,,2048,,65,AMD E2-Series APU for Laptops,FT3b,DDR3L,https://www.amd.com/en/product/5951,Laptop,90,1600,5951
489,4,4,E2-7110 with Radeon R2 Graphics,,28,1800,1800,,2048,,65,AMD E2-Series APU for Laptops,FP4,DDR3L,https://www.amd.com/en/product/5966,Laptop,90,1600,5966
490,4,4,E2-6110 with Radeon R2 Graphics,,28,1500,,,2048,,15,AMD E2-Series APU for Laptops,FT3b,DDR3,https://www.amd.com/en/product/5871,Laptop,,1600,5871
491,8,8,6212,,32,2600,3200,384,8192,16384,115,AMD Opteron 6200 Series Processor,G34,DDR3,https://www.amd.com/en/product/1811,Server,71.7,2000,1811
492,4,4,E2-3800 with Radeon HD 8280,,28,1300,,128,2048,,15,AMD E2-Series APU for Laptops,FT3,DDR3,https://www.amd.com/en/product/5866,Laptop,90,1600,5866
493,4,4,6204,,32,3300,,512,4096,16384,115,AMD Opteron 6200 Series Processor,G34,DDR3,https://www.amd.com/en/product/1806,Server,74.4,2000,1806
494,2,2,E2-3000 with Radeon HD 8280,,28,1650,,,1024,,15,AMD E2-Series APU for Laptops,FT3,Not Listed,https://www.amd.com/en/product/5876,Laptop,,,5876
495,12,12,6180 SE,,,2500,,1536,6144,12288,140,AMD Opteron 6100 Series Processor,G34,DDR3,https://www.amd.com/en/product/1801,Server,64,1800,1801
496,12,12,6176,,,2300,,1536,6144,12288,115,AMD Opteron 6100 Series Processor,G34,DDR3,https://www.amd.com/en/product/1536,Server,69,1800,1536
497,12,12,6166 HE,,,1800,,1536,6144,12288,85,AMD Opteron 6100 Series Processor,G34,DDR3,https://www.amd.com/en/product/1531,Server,69,1800,1531
498,8,8,6140,,,2600,,1024,4096,12288,115,AMD Opteron 6100 Series Processor,G34,DDR3,https://www.amd.com/en/product/1526,Server,69,1800,1526
499,8,8,6132 HE,,,2200,,1024,4096,12288,85,AMD Opteron 6100 Series Processor,G34,DDR3,https://www.amd.com/en/product/1521,Server,66,1800,1521
500,4,4,E2-7110 with Radeon R2 Graphics,,28,1800,1800,,2048,,65,AMD E2-Series APU for AIOs,FP4,DDR3L,https://www.amd.com/en/product/6011,All-in-One,90,1600,6011
501,8,8,4386,,32,3100,3800,384,8192,8192,95,AMD Opteron 4300 Series Processor,C32,DDR3,https://www.amd.com/en/product/1516,Server,70.5,2200,1516
502,8,8,4376 HE,,32,2600,3600,384,8192,8192,65,AMD Opteron 4300 Series Processor,C32,DDR3,https://www.amd.com/en/product/1511,Server,68,2000,1511
503,8,8,4365,,32,2000,2800,384,8192,8192,40,AMD Opteron 4300 Series Processor,C32,DDR3,https://www.amd.com/en/product/1506,Server,70,1600,1506
504,6,6,4340,,32,3500,3800,288,6144,8192,95,AMD Opteron 4300 Series Processor,C32,DDR3,https://www.amd.com/en/product/1501,Server,67.7,2200,1501
505,6,6,4334,,32,3100,3500,288,6144,8192,95,AMD Opteron 4300 Series Processor,C32,DDR3,https://www.amd.com/en/product/1496,Server,67.7,2000,1496
506,6,6,4332 HE,,32,3000,3700,288,6144,8192,65,AMD Opteron 4300 Series Processor,C32,DDR3,https://www.amd.com/en/product/1491,Server,68,2000,1491
507,2,2,E1-7010 with Radeon R2 Graphics,,28,1500,1500,,1024,,10,AMD E1-Series APU for Laptops,FP4,DDR3L,https://www.amd.com/en/product/5971,Laptop,90,1333,5971
508,2,2,E1 Micro-6200T with Radeon R2 Graphics,,28,1400,,,1024,,3.95,AMD E1-Series APU for Laptops,FT3b,Not Listed,https://www.amd.com/en/product/5861,"Laptop, Tablet",,,5861
509,6,6,4310 EE,,32,2200,3000,192,4096,8192,35,AMD Opteron 4300 Series Processor,C32,DDR3,https://www.amd.com/en/product/1486,Server,85,1600,1486
510,8,8,4284,,32,3000,3700,384,8192,8192,95,AMD Opteron 4200 Series Processor,C32,DDR3,https://www.amd.com/en/product/1796,Server,70.5,2200,1796
511,2,2,E1-6010 with Radeon R2 Graphics,,28,1350,,,1024,,10,AMD E1-Series APU for Laptops,FT3b,Not Listed,https://www.amd.com/en/product/5856,Laptop,,,5856
512,8,8,4280,,32,2800,2200,384,8192,8192,95,AMD Opteron 4200 Series Processor,C32,DDR3,https://www.amd.com/en/product/1791,Server,70.5,2200,1791
513,8,8,4276 HE,,32,2600,3600,384,8192,8192,65,AMD Opteron 4200 Series Processor,C32,DDR3,https://www.amd.com/en/product/1786,Server,68,2000,1786
514,2,2,E1-2500 with Radeon HD 8240,,28,1400,,,1024,,15,AMD E1-Series APU for Laptops,FT3,Not Listed,https://www.amd.com/en/product/5851,Laptop,,,5851
515,8,8,4274 HE,,32,2500,3500,384,8192,8192,65,AMD Opteron 4200 Series Processor,C32,DDR3,https://www.amd.com/en/product/1781,Server,68,2000,1781
516,2,2,E1-2200 with Radeon HD 8210,,28,1000,,,1024,,9,AMD E1-Series APU for Laptops,FT3,Not Listed,https://www.amd.com/en/product/5846,Laptop,,,5846
517,8,8,4256 EE,,32,1600,2800,384,8192,8192,35,AMD Opteron 4200 Series Processor,C32,DDR3,https://www.amd.com/en/product/1776,Server,64,1600,1776
518,2,2,E1-2100 with Radeon HD 8210,,28,1000,,,1024,,9,AMD E1-Series APU for Laptops,FT3,Not Listed,https://www.amd.com/en/product/5841,Laptop,,,5841
519,6,6,4240,,32,3400,3800,288,6144,8192,95,AMD Opteron 4200 Series Processor,C32,DDR3,https://www.amd.com/en/product/1771,Server,70.5,,1771
520,6,6,4238,,32,3300,3700,288,6144,8192,95,AMD Opteron 4200 Series Processor,C32,DDR3,https://www.amd.com/en/product/1766,Server,70.5,2200,1766
521,2,2,E1-7010 with Radeon R2 Graphics,,28,1500,1500,,1024,,,AMD E1-Series APU for AIOs,FP4,DDR3L,https://www.amd.com/en/product/6016,All-in-One,90,1333,6016
522,6,6,4234,,32,3100,3500,288,6144,8192,95,AMD Opteron 4200 Series Processor,C32,DDR3,https://www.amd.com/en/product/1761,Server,70.5,2200,1761
523,6,6,4230 HE,,32,2900,3700,288,6144,8192,65,AMD Opteron 4200 Series Processor,C32,DDR3,https://www.amd.com/en/product/1756,Server,68,2000,1756
524,6,6,4228 HE,,32,2800,3600,288,6144,8192,65,AMD Opteron 4200 Series Processor,C32,DDR3,https://www.amd.com/en/product/1751,Server,68,2000,1751
525,6,6,4226,,32,2700,3100,288,6144,8192,95,AMD Opteron 4200 Series Processor,C32,DDR3,https://www.amd.com/en/product/1746,Server,70.5,2000,1746
526,8,8,3380,,32,2600,3600,384,8192,8192,65,AMD Opteron 3300 Series Processor,AM3+,DDR3,https://www.amd.com/en/product/1741,Server,70.3,2000,1741
527,8,8,3365,,32,2300,3300,384,8192,8192,65,AMD Opteron 3300 Series Processor,AM3+,DDR3,https://www.amd.com/en/product/1736,Server,70.3,2000,1736
528,4,4,3350 HE,,32,2800,3800,192,4096,8192,45,AMD Opteron 3300 Series Processor,AM3+,DDR3,https://www.amd.com/en/product/1731,Server,69.1,2000,1731
529,4,4,3320 EE,,32,1900,2500,192,4096,8192,25,AMD Opteron 3300 Series Processor,AM3+,DDR3,https://www.amd.com/en/product/1726,Server,70,1400,1726
530,8,8,3280,,32,2400,3400,384,8192,8192,65,AMD Opteron 3200 Series Processor,AM3+,DDR3,https://www.amd.com/en/product/1721,Server,61.1,2000,1721
531,4,4,3260 HE,,32,2700,3700,192,4096,4096,45,AMD Opteron 3200 Series Processor,AM3+,DDR3,https://www.amd.com/en/product/1716,Server,61.1,2000,1716
532,4,4,AMD Opteron X2170,,28,2400,,,2048,,25,AMD Opteron X2100 Series APU,FT3,DDR3,https://www.amd.com/en/product/1266,Server,,1866,1266
533,,,3250 HE,,32,2500,3500,192,4096,4096,45,AMD Opteron 3200 Series Processor,AM3+,DDR3,https://www.amd.com/en/product/1711,Server,,2000,1711
534,4,4,AMD Opteron X2150 APU,,28,1900,,,2048,,22,AMD Opteron X2100 Series APU,FT3,DDR3,https://www.amd.com/en/product/5656,Server,,,5656
535,2,2,TL-64,,,2200,,,1024,,35,AMD Turion 64 X2 Dual-Core Mobile Technology,S1,DDR2,https://www.amd.com/en/product/1706,Laptop,95,667,1706
536,2,2,TL-60,,,2000,,,1024,,31,AMD Turion 64 X2 Dual-Core Mobile Technology,S1,DDR2,https://www.amd.com/en/product/1701,Laptop,,667,1701
537,,,TL-56,,,1800,,,,,31,AMD Turion 64 X2 Dual-Core Mobile Technology,S1,Not Listed,https://www.amd.com/en/product/1696,Laptop,,,1696
538,2,2,TL-52,,,1600,,,2048,,31,AMD Turion 64 X2 Dual-Core Mobile Technology,S1,Not Listed,https://www.amd.com/en/product/1921,Laptop,,,1921
